CLNR;K;altitude;biogeo;forest;feldbesuch;epiphytic_substrate;observerA;dateA;observerK;dateK;precipitation;temperature;solar
131;1;530;Jura;Nichtwald;1;1;4;04.09.1997;7;13.07.1998;943.1779785;8.395452499;38.45077515
203;0;577;Jura;Wald;1;1;4;04.09.1997;NA;NA;948.1880493;8.091874123;37.99491119
223;0;648;Jura;Nichtwald;1;1;5;16.07.1997;NA;NA;943.4637451;8.441584587;38.05825806
302;1;650;Jura;Wald;1;1;2;09.06.1997;7;13.07.1998;945.8393555;8.650614738;38.17313385
893;0;452;Jura;Nichtwald;1;0;2;09.06.1997;NA;NA;908.8228149;8.918032646;37.8000679
1024;0;406;Jura;Nichtwald;1;1;2;09.06.1997;NA;NA;926.1690674;9.330579758;37.28689957
1028;0;480;Mittelland;Wald;1;1;5;16.07.1997;NA;NA;922.5787354;8.795004845;37.01968765
1065;0;396;Mittelland;Nichtwald;0;0;NA;NA;NA;NA;994.0160522;9.393230438;37.91701508
1423;0;624;Mittelland;Nichtwald;1;0;1;12.08.1998;NA;NA;967.0945435;8.237399101;37.50751114
1783;0;421;Jura;Nichtwald;1;0;2;10.06.1997;NA;NA;1027.340332;8.918209076;37.48918533
2102;0;402;Mittelland;Nichtwald;1;1;5;24.07.1998;NA;NA;984.5539551;9.451111794;39.1860733
2266;0;441;Mittelland;Nichtwald;1;0;5;10.07.1997;NA;NA;930.3574829;9.215043068;37.08411026
2542;0;513;Mittelland;Nichtwald;1;0;1;12.08.1998;NA;NA;991.4978027;9.053058624;38.40021133
2584;0;472;Mittelland;Nichtwald;1;1;5;24.07.1998;NA;NA;1007.71814;9.112754822;39.45825577
2766;0;373;Mittelland;Wald;1;1;2;09.04.1997;NA;NA;908.1501465;9.571249962;37.37038803
2810;0;510;Mittelland;Nichtwald;1;0;1;12.08.1998;NA;NA;987.7282715;9.050357819;37.72603226
2864;0;450;Mittelland;Nichtwald;1;0;5;24.07.1998;NA;NA;993.7191772;9.199465752;39.47468948
3411;0;340;Jura;Nichtwald;0;0;NA;NA;NA;NA;887.1434326;9.792766571;37.35279846
3431;0;398;Mittelland;Nichtwald;1;0;5;09.07.1997;NA;NA;923.3953857;9.388086319;37.2267952
3758;1;396;Mittelland;Nichtwald;1;1;2;08.04.1997;7;02.06.1998;992.7142334;9.799974442;37.57608414
3876;0;469;Mittelland;Wald;1;1;5;24.07.1998;NA;NA;1000.93811;9.195940971;39.30810165
4215;0;381;Mittelland;Nichtwald;1;0;5;10.07.1997;NA;NA;1013.312744;9.552645683;37.41662979
4223;0;393;Mittelland;Nichtwald;1;0;1;11.11.1997;NA;NA;1021.629211;9.514135361;37.60581589
4249;0;423;Mittelland;Wald;1;1;1;12.08.1998;NA;NA;1021.495911;9.377131462;39.19198608
4309;0;396;Mittelland;Nichtwald;0;0;NA;NA;NA;NA;1006.781189;9.599185944;37.385952
4666;0;450;Mittelland;Nichtwald;1;0;5;11.06.1997;NA;NA;967.2564087;9.439041138;37.25368881
5060;0;364;Jura;Nichtwald;1;0;4;11.05.1998;NA;NA;1201.194702;9.389056206;37.28744507
5236;0;437;Mittelland;Nichtwald;1;0;3;10.06.1997;NA;NA;1012.243286;9.329756737;39.02207947
5252;0;396;Mittelland;Nichtwald;0;0;NA;NA;NA;NA;997.9894409;9.588385582;38.00474167
5546;0;319;Jura;Nichtwald;1;1;1;17.06.1999;NA;NA;1033.293457;10.30438328;39.50215912
5591;0;515;Jura;Nichtwald;1;0;4;24.04.1997;NA;NA;1082.091553;9.09678936;37.13924789
5595;0;377;Jura;Nichtwald;1;0;4;09.06.1998;NA;NA;1089.522217;9.683794022;37.19153214
5597;0;344;Mittelland;Wald;1;1;4;09.06.1998;NA;NA;1105.325562;9.628211021;37.0254097
5625;1;553;Mittelland;Wald;1;1;2;08.04.1997;7;02.06.1998;1072.154419;9.028826714;37.47874832
5681;0;431;Mittelland;Nichtwald;1;0;5;11.06.1997;NA;NA;982.6848145;9.311887741;37.072258
5693;0;491;Mittelland;Wald;1;1;5;10.07.1997;NA;NA;1045.61377;8.819419861;37.71160507
6168;0;597;Jura;Nichtwald;1;1;4;24.04.1997;NA;NA;1076.598267;9.140289307;37.15161896
6252;0;511;Mittelland;Wald;1;1;5;11.06.1997;NA;NA;998.9972534;9.237850189;37.22310638
6719;0;330;Jura;Wald;1;0;1;17.06.1999;NA;NA;1026.697876;9.48785305;39.34477997
6739;0;416;Jura;Wald;1;1;3;09.08.1996;NA;NA;1117.623779;9.590722084;38.44449234
6969;0;396;Mittelland;Nichtwald;0;0;NA;NA;NA;NA;1070.402344;9.708600044;37.5253334
7483;0;586;Mittelland;Nichtwald;1;0;5;18.06.1997;NA;NA;1145.914673;8.527357101;37.20144653
7910;0;321;Jura;Wald;1;1;6;06.10.1999;NA;NA;872.5170898;10.63092899;40.09713364
8012;0;520;Mittelland;Nichtwald;1;0;4;07.05.1998;NA;NA;1074.516235;8.783466339;37.52088165
8084;0;490;Mittelland;Nichtwald;1;1;5;21.05.1997;NA;NA;1061.963501;9.276676178;37.22314072
8146;0;587;Mittelland;Wald;1;1;3;10.06.1997;NA;NA;1140.162964;8.659355164;38.89154816
8154;1;519;Mittelland;Wald;1;1;3;10.06.1997;7;11.08.1998;1061.024292;9.056398392;38.83062363
8544;0;342;Jura;Nichtwald;1;0;1;17.06.1999;NA;NA;987.8665771;9.785286903;40.9842453
8552;0;442;Jura;Nichtwald;1;1;6;04.08.1998;NA;NA;1005.880981;9.501782417;39.88167572
8608;0;624;Jura;Wald;1;1;4;11.05.1998;NA;NA;1087.229004;8.969099045;37.78382111
8620;0;379;Jura;Nichtwald;1;0;4;24.04.1997;NA;NA;1027.615845;9.512785912;37.55734634
8704;0;452;Mittelland;Nichtwald;1;1;5;21.05.1997;NA;NA;1086.655518;9.313142776;37.14299393
8708;0;480;Mittelland;Nichtwald;1;0;5;18.06.1997;NA;NA;1135.505005;8.827795029;36.73610687
8736;1;494;Mittelland;Nichtwald;1;1;5;18.09.1997;7;09.06.1998;1150.07373;8.934426308;38.94731903
9843;0;305;Jura;Nichtwald;1;0;1;16.06.1999;NA;NA;968.7340088;10.53403568;40.45635986
9931;1;511;Jura;Wald;1;1;4;24.04.1997;7;28.07.1998;1040.419189;9.29821682;38.09082794
10003;0;611;Mittelland;Nichtwald;1;0;5;27.05.1997;NA;NA;1137.09375;8.789567947;36.85441589
10007;0;548;Mittelland;Wald;1;1;5;27.05.1997;NA;NA;1152.046021;8.647362709;37.04193878
10035;0;612;Mittelland;Wald;1;1;5;18.06.1997;NA;NA;1259.743164;8.304376602;37.64438629
10067;0;604;Mittelland;Nichtwald;1;0;2;21.07.1998;NA;NA;1235.085938;8.127065659;39.22955704
10075;0;577;Mittelland;Nichtwald;1;0;2;21.07.1998;NA;NA;1186.084717;8.678287506;39.39932251
10582;1;523;Jura;Wald;1;1;6;16.06.1997;7;04.08.1998;1090.069458;9.525922775;39.72940063
10680;0;573;Mittelland;Nichtwald;1;1;5;28.07.1998;NA;NA;1166.375244;8.753706932;37.66459274
10708;0;481;Mittelland;Nichtwald;1;1;5;28.07.1998;NA;NA;1115.013794;8.902780533;36.67214584
10788;0;557;Mittelland;Nichtwald;1;0;2;21.07.1998;NA;NA;1125.935913;8.538994789;39.37334824
10824;0;608;Mittelland;Nichtwald;1;0;3;04.07.1996;NA;NA;1203.175415;8.837640762;37.61803818
11234;1;462;Jura;Nichtwald;1;1;2;12.09.1997;7;28.07.1998;1097.712769;9.594391823;40.25405502
11319;0;654;Jura;Wald;1;1;3;08.08.1996;NA;NA;1108.238647;8.978388786;38.42471313
11379;0;403;Mittelland;Nichtwald;1;1;4;07.05.1998;NA;NA;1131.22168;9.582221985;37.64601898
12062;0;542;Jura;Wald;1;1;3;15.08.1996;NA;NA;1132.669556;9.063690186;37.75575256
12182;1;746;Mittelland;Wald;1;1;5;18.06.1997;7;09.06.1998;1453.082031;7.81575489;37.84955215
12664;0;571;Jura;Wald;1;1;4;21.05.1996;NA;NA;1159.179932;9.237762451;39.96016693
13442;0;475;Jura;Nichtwald;1;0;1;16.06.1999;NA;NA;1115.600952;8.926544189;39.88408279
13454;0;452;Jura;Nichtwald;1;1;1;16.06.1999;NA;NA;1066.888428;9.40466404;40.65231323
13472;0;408;Jura;Nichtwald;1;0;6;04.08.1998;NA;NA;1030.855713;9.370591164;39.74436951
13658;0;595;Voralpen;Nichtwald;1;1;2;17.07.1998;NA;NA;1251.365723;8.036709785;39.84228897
15033;1;573;Jura;Nichtwald;1;1;6;04.06.1997;7;04.08.1998;1073.357056;9.40367794;39.78633499
15063;0;726;Mittelland;Wald;1;1;3;31.07.1996;NA;NA;1165.058228;8.4684515;38.23711395
15157;0;453;Mittelland;Nichtwald;1;1;5;22.10.1998;NA;NA;1123.217163;9.514772415;37.4707756
15924;0;353;Mittelland;Nichtwald;1;1;4;22.04.1997;NA;NA;1099.043457;9.705207825;37.59025192
16008;1;752;Mittelland;Wald;1;1;5;17.07.1997;7;12.08.1998;1419.27417;8.249761581;38.31100082
16090;0;864;Voralpen;Nichtwald;1;0;3;11.06.1997;NA;NA;1506.979004;7.576244354;39.81207275
16634;0;400;Jura;Nichtwald;1;0;6;28.07.1998;NA;NA;1018.314575;9.733602524;39.88349152
16654;0;670;Jura;Wald;1;1;1;16.06.1999;NA;NA;1222.566528;8.537150383;39.7045517
16658;0;647;Jura;Nichtwald;1;1;1;16.06.1999;NA;NA;1199.395142;8.92894268;39.98524475
16690;0;756;Jura;Wald;1;1;3;08.08.1996;NA;NA;1091.265991;8.619814873;38.76386261
16710;0;484;Mittelland;Nichtwald;1;0;3;04.10.1996;NA;NA;1160.592041;9.110466957;38.17184448
16726;0;357;Mittelland;Nichtwald;1;0;4;07.05.1998;NA;NA;1099.381836;9.677591324;37.72947311
16752;0;391;Mittelland;Nichtwald;1;0;4;24.04.1997;NA;NA;1100.332031;9.706082344;37.33451462
16796;0;428;Mittelland;Nichtwald;1;1;5;23.07.1998;NA;NA;1107.885376;9.519248009;37.53634262
16922;0;952;Voralpen;Nichtwald;1;0;3;11.06.1997;NA;NA;1574.325806;7.152400017;40.17551041
16954;0;406;Voralpen;Nichtwald;1;0;1;25.09.1997;NA;NA;1196.296997;10.08467007;41.10721207
17481;0;615;Jura;Nichtwald;1;0;1;16.06.1999;NA;NA;1230.342896;8.588705063;39.60113144
17503;1;560;Jura;Nichtwald;1;1;6;04.06.1997;7;26.10.1998;1173.116211;8.597884178;39.37798691
17547;0;367;Mittelland;Nichtwald;1;1;3;04.10.1996;NA;NA;1087.284424;9.621552467;38.01263046
17601;0;432;Mittelland;Wald;1;1;1;22.10.1998;NA;NA;1155.280396;9.613606453;37.22687149
17645;0;511;Mittelland;Nichtwald;1;0;5;18.09.1997;NA;NA;1184.21521;9.318079948;38.34793091
18258;0;776;Jura;Nichtwald;1;1;4;21.05.1996;NA;NA;1328.629395;7.432323456;40.28501129
18364;0;509;Jura;Wald;1;1;5;01.09.1998;NA;NA;1120.145874;9.131040573;38.67831421
19167;0;815;Jura;Wald;1;1;6;16.06.1997;NA;NA;1215.864624;7.398816586;39.24602509
19175;0;650;Jura;Wald;1;1;6;04.06.1997;NA;NA;1204.894287;8.229931831;39.73207855
19197;0;445;Jura;Nichtwald;1;0;5;01.09.1998;NA;NA;1129.827148;9.054013252;38.73151016
19327;0;671;Mittelland;Wald;1;1;3;07.05.1998;NA;NA;1491.389404;8.268891335;38.00574875
19445;0;412;Voralpen;Nichtwald;1;1;1;25.09.1997;NA;NA;1233.193359;10.13628387;41.04786301
20009;0;636;Jura;Wald;1;1;4;10.05.1999;NA;NA;1083.450317;8.943557739;38.95543289
20077;0;382;Mittelland;Nichtwald;1;1;3;29.07.1999;NA;NA;1154.674438;9.608527184;37.88352585
20157;0;712;Mittelland;Nichtwald;1;0;3;07.05.1998;NA;NA;1592.808228;8.133325577;38.12430191
21032;0;850;Voralpen;Nichtwald;1;0;2;25.05.1998;NA;NA;1610.030273;7.767048836;41.83540726
21771;0;806;Voralpen;Wald;1;1;1;22.08.1996;NA;NA;1736.322754;7.174488068;40.33559799
21801;0;874;Voralpen;Nichtwald;1;1;2;25.05.1998;NA;NA;1750.773315;7.141046524;41.74247742
21823;0;1083;Voralpen;Wald;1;1;2;25.05.1998;NA;NA;1767.393799;7.056499958;42.51771545
22266;0;603;Jura;Nichtwald;1;0;2;11.09.1997;NA;NA;1179.620239;8.855037689;41.15257263
22282;0;528;Jura;Nichtwald;1;1;4;17.05.1996;NA;NA;994.487915;8.792116165;41.18572998
22374;0;415;Mittelland;Nichtwald;1;0;4;10.05.1999;NA;NA;1074.373169;8.988523483;38.38949585
22404;0;427;Mittelland;Nichtwald;1;1;2;22.10.1996;NA;NA;1194.922363;9.192875862;37.57170105
22476;0;593;Mittelland;Wald;1;1;1;09.10.1998;NA;NA;1227.574097;8.900321007;37.97668839
22540;0;1039;Voralpen;Wald;1;1;1;16.08.1996;NA;NA;1808.311035;7.268699169;40.59022522
22546;0;722;Voralpen;Nichtwald;1;1;1;16.08.1996;NA;NA;1569.064453;7.467052937;41.58599091
23095;0;899;Jura;Nichtwald;1;1;2;16.10.1998;NA;NA;1627.05835;6.58693409;39.66656113
23205;0;448;Mittelland;Nichtwald;1;0;3;16.04.1997;NA;NA;1160.947632;9.688304901;38.63656616
23321;0;769;Voralpen;Wald;1;1;1;18.09.1996;NA;NA;1719.501587;6.901069641;41.47114182
23900;0;423;Mittelland;Nichtwald;1;1;3;21.10.1998;NA;NA;1103.872437;8.874221802;39.0502243
24584;0;798;Jura;Wald;1;1;4;17.05.1996;NA;NA;1293.582031;7.429480076;39.50109863
24676;0;590;Mittelland;Wald;1;1;3;21.10.1998;NA;NA;1093.940918;8.673118591;39.26967239
24768;0;546;Mittelland;Nichtwald;1;1;1;09.09.1998;NA;NA;1196.391235;8.843595505;37.44737244
25397;0;897;Jura;Nichtwald;1;1;2;04.06.1997;NA;NA;1735.685181;6.433697701;39.70905685
25535;0;629;Mittelland;Wald;1;1;1;09.09.1998;NA;NA;1200.517456;8.784397125;37.21021652
25551;0;406;Mittelland;Nichtwald;0;0;NA;NA;NA;NA;1326.471436;9.762962341;38.29318237
25561;0;685;Mittelland;Nichtwald;1;0;1;09.10.1998;NA;NA;1308.488159;8.470490456;39.03113556
25651;0;987;Voralpen;Wald;1;1;2;29.09.1997;NA;NA;1891.543457;6.516680717;41.34191132
25693;0;1291;Voralpen;Nichtwald;1;0;1;25.09.1997;NA;NA;1711.47168;7.65699625;43.7592392
26168;0;1137;Jura;Nichtwald;1;1;2;04.06.1997;NA;NA;1683.489624;6.436434746;39.71588135
26320;0;445;Mittelland;Nichtwald;1;1;1;09.10.1998;NA;NA;1348.524048;9.64958477;38.51325989
26404;0;825;Voralpen;Nichtwald;1;0;1;21.05.1997;NA;NA;1926.172974;6.960772038;42.02294159
26430;1;1248;Voralpen;Wald;1;1;2;03.08.1997;7;12.08.1998;1999.481323;5.437369823;42.46905136
26918;0;747;Jura;Wald;1;1;2;09.09.1996;NA;NA;1286.374023;8.253860474;39.89935303
27870;0;698;Mittelland;Nichtwald;1;1;1;07.09.1998;NA;NA;1261.29541;8.043125153;37.74703598
27956;0;827;Voralpen;Nichtwald;1;0;1;21.05.1997;NA;NA;1833.5448;7.305623531;41.14549255
28534;0;462;Mittelland;Nichtwald;1;0;4;07.03.1997;NA;NA;1152.322144;8.939652443;39.01800156
28628;1;564;Mittelland;Nichtwald;1;1;3;16.04.1997;7;21.04.1998;1176.337524;9.112740517;38.68586349
28652;0;715;Mittelland;Nichtwald;1;0;1;07.09.1998;NA;NA;1254.003174;8.482877731;37.93638992
28692;1;548;Mittelland;Wald;1;1;4;08.09.1997;7;27.10.1998;1349.044678;9.185294151;40.39027023
28804;0;538;Voralpen;Nichtwald;1;0;2;26.05.1998;NA;NA;1291.949463;10.06861877;43.72653961
29269;0;792;Jura;Wald;1;1;2;18.09.1996;NA;NA;1473.966187;6.539957047;38.50177383
29409;0;516;Mittelland;Nichtwald;1;0;3;16.04.1997;NA;NA;1171.665527;9.254718781;38.71063995
30010;0;941;Jura;Nichtwald;1;0;2;30.03.1997;NA;NA;1445.830078;6.680185795;40.60190964
30136;0;515;Mittelland;Nichtwald;1;0;5;13.08.1998;NA;NA;1132.068726;8.535114288;38.30233002
30260;0;520;Mittelland;Nichtwald;1;0;4;08.09.1997;NA;NA;1365.089844;9.459041595;40.66496658
30286;0;594;Voralpen;Nichtwald;1;0;1;21.05.1997;NA;NA;1781.123901;8.689291;42.16080856
30348;0;1788;Voralpen;Nichtwald;1;0;2;26.07.1998;NA;NA;2376.223877;2.050103903;44.80604172
30358;0;522;Voralpen;Nichtwald;1;1;2;26.05.1998;NA;NA;1354.957886;10.1348381;44.11577225
30836;0;1133;Jura;Wald;1;1;2;19.08.1996;NA;NA;1755.286865;6.990701199;39.04333878
30846;0;608;Jura;Nichtwald;1;0;2;14.10.1996;NA;NA;1429.98938;8.539229393;39.05522537
30896;0;488;Mittelland;Nichtwald;1;0;2;07.03.1997;NA;NA;1158.758301;8.759037971;39.67458344
31006;0;540;Mittelland;Nichtwald;1;1;4;28.06.1996;NA;NA;1374.479858;9.220144272;38.95437622
31010;0;487;Voralpen;Nichtwald;1;1;4;28.06.1996;NA;NA;1388.555054;9.367559433;39.51786423
31044;0;453;Voralpen;Nichtwald;1;1;4;08.06.1996;NA;NA;1436.746582;9.531090736;41.26568985
31068;0;627;Voralpen;Nichtwald;1;0;1;21.05.1997;NA;NA;1833.67981;8.262831688;42.6023674
31545;0;1011;Jura;Wald;1;1;4;15.05.1996;NA;NA;1535.98291;6.482163906;41.03845215
31689;0;692;Mittelland;Wald;1;1;5;13.08.1998;NA;NA;1105.219238;8.454431534;38.17430496
31717;0;561;Mittelland;Nichtwald;1;1;3;14.05.1997;NA;NA;1164.821899;8.865653038;38.80519867
32485;0;777;Mittelland;Wald;1;1;3;14.05.1997;NA;NA;1195.671875;8.088445663;38.10511398
32545;0;555;Mittelland;Nichtwald;1;0;1;07.09.1998;NA;NA;1290.278809;9.173577309;38.33353806
33211;0;462;Mittelland;Wald;1;1;4;23.07.1996;NA;NA;1158.361694;8.796814919;40.02867126
33237;0;557;Mittelland;Nichtwald;1;1;5;13.08.1998;NA;NA;1152.171631;8.618431091;39.75954819
33439;0;1371;Voralpen;Wald;1;1;3;16.07.1996;NA;NA;2015.080444;5.70965004;44.70775986
33449;0;1166;Voralpen;Nichtwald;1;0;3;16.07.1996;NA;NA;1870.954468;6.604203224;45.4076767
33873;0;1012;Jura;Nichtwald;1;0;1;08.08.1996;NA;NA;1598.976563;5.979794502;41.20882797
33933;0;1093;Jura;Wald;1;1;2;11.05.1998;NA;NA;1908.987061;6.953808784;39.08847809
34147;0;408;Voralpen;Nichtwald;1;0;3;19.08.1999;NA;NA;1407.321655;9.7064991;39.43973541
34716;0;1105;Jura;Nichtwald;1;1;2;04.06.1997;NA;NA;1666.956665;6.967431068;38.54876328
34736;0;447;Jura;Nichtwald;1;0;2;04.06.1997;NA;NA;1137.369751;9.431880951;38.20363235
34950;0;414;Voralpen;Nichtwald;1;0;3;19.08.1999;NA;NA;1470.779419;9.705712318;41.58546066
35028;0;1309;Voralpen;Wald;1;1;3;17.07.1996;NA;NA;1804.378174;5.320878029;45.26394653
35441;0;813;Jura;Wald;1;1;4;24.05.1996;NA;NA;1526.761475;6.787832737;41.44872665
35679;0;420;Mittelland;Nichtwald;1;0;4;15.04.1997;NA;NA;1169.840942;9.730474472;38.06596375
35831;0;449;Voralpen;Nichtwald;1;0;4;16.07.1997;NA;NA;1154.70105;10.15041637;44.77487946
36416;0;509;Mittelland;Wald;1;1;4;12.08.1998;NA;NA;1154.805908;9.046837807;38.62313461
36514;0;755;Voralpen;Nichtwald;1;0;3;19.08.1999;NA;NA;1659.518799;7.246749401;40.33889008
36602;1;1672;Voralpen;Nichtwald;1;1;3;17.07.1997;7;11.08.1998;2016.470459;2.434195042;43.36200333
36604;0;1780;Voralpen;Nichtwald;1;1;3;17.07.1997;NA;NA;2027.127563;3.016165733;44.02207565
37228;0;714;Mittelland;Nichtwald;1;0;4;28.09.1998;NA;NA;1323.47644;8.228991508;38.68629074
37324;0;1088;Voralpen;Nichtwald;1;1;2;04.08.1998;NA;NA;1854.453857;6.186761379;40.2312355
37342;0;518;Voralpen;Nichtwald;1;1;6;29.07.1997;NA;NA;1688.394409;7.196464062;41.22733688
37414;0;1291;Voralpen;Wald;1;1;3;17.07.1996;NA;NA;2126.326904;3.525283813;44.21883392
37881;0;1281;Jura;Nichtwald;1;0;2;27.08.1998;NA;NA;1516.533813;5.948005676;39.39647293
37977;0;565;Mittelland;Nichtwald;1;1;6;25.08.1997;NA;NA;1190.604248;8.259581566;39.67647934
38049;0;469;Mittelland;Nichtwald;1;1;4;09.04.1997;NA;NA;1106.137329;9.429215431;37.97842789
38163;0;417;Voralpen;Nichtwald;1;0;6;29.07.1997;NA;NA;1555.964111;9.578386307;44.24715805
38181;0;1067;Voralpen;Nichtwald;1;1;3;16.07.1997;NA;NA;2053.325684;6.283188343;44.17271423
38665;0;932;Jura;Wald;1;1;4;10.07.1996;NA;NA;1429.222778;5.954759598;38.49342728
38773;0;652;Mittelland;Wald;1;1;6;25.08.1997;NA;NA;1200.939087;8.002865791;39.82908249
38835;0;563;Mittelland;Nichtwald;1;1;4;01.06.1999;NA;NA;1154.593506;9.006382942;37.95933533
38855;0;509;Mittelland;Nichtwald;1;1;4;09.04.1997;NA;NA;1138.14624;9.344055176;37.74481964
38913;0;971;Voralpen;Wald;1;1;1;25.08.1999;NA;NA;1867.915039;6.710603237;40.72261047
39456;0;1055;Jura;Nichtwald;1;0;1;08.08.1996;NA;NA;1576.167603;6.155499935;41.70597076
39478;0;1328;Jura;Nichtwald;1;1;4;10.07.1996;NA;NA;1466.394897;4.598509789;38.26874161
39494;1;1084;Jura;Wald;1;1;6;09.09.1997;7;25.05.1998;1496.858032;6.096899033;39.35120392
39498;1;824;Jura;Wald;1;1;6;09.09.1997;7;25.05.1998;1573.597778;7.833610058;39.17757797
39576;0;600;Mittelland;Nichtwald;1;0;6;25.08.1997;NA;NA;1176.968384;8.263026237;39.12850571
39640;0;519;Mittelland;Nichtwald;1;1;4;12.08.1998;NA;NA;1072.977905;9.089217186;37.47628021
39686;0;431;Mittelland;Nichtwald;1;0;4;28.09.1998;NA;NA;1193.447388;9.68361187;37.67045212
39818;0;727;Alps;Nichtwald;1;0;3;18.07.1996;NA;NA;1585.877441;9.774913788;45.76980209
40453;0;681;Mittelland;Nichtwald;1;0;4;12.08.1998;NA;NA;1187.654297;8.172012329;37.79384995
40629;0;419;Alpen;Nichtwald;0;0;NA;NA;NA;NA;1484.286133;9.914966583;46.29920578
41084;0;1064;Jura;Nichtwald;1;0;1;09.08.1996;NA;NA;1533.378906;6.359100342;42.15495682
41100;0;844;Jura;Nichtwald;1;0;1;08.07.1997;NA;NA;1421.215942;6.693060875;40.33237076
41106;0;1087;Jura;Nichtwald;1;1;1;08.07.1997;NA;NA;1491.349731;6.21202755;39.12825012
41118;0;1536;Jura;Nichtwald;1;0;2;27.08.1998;NA;NA;1461.834717;5.366219997;39.94361496
41174;0;559;Mittelland;Wald;1;1;2;23.09.1997;NA;NA;1166.206665;8.616106987;38.35061264
41422;0;429;Alpen;Nichtwald;1;0;6;29.07.1997;NA;NA;1527.988403;9.494600296;45.32239914
41488;0;467;Voralpen;Nichtwald;1;0;4;16.07.1997;NA;NA;1121.311768;10.07645893;46.39550018
42129;1;570;Mittelland;Wald;1;1;4;10.04.1997;7;14.04.1998;1187.78772;8.988451004;36.90847397
42944;0;548;Mittelland;Nichtwald;1;1;4;12.08.1998;NA;NA;1168.744507;8.841231346;38.32458115
43156;0;832;Voralpen;Nichtwald;1;0;4;09.09.1997;NA;NA;1328.846191;9.022716522;47.03902054
43600;0;1035;Jura;Nichtwald;1;0;1;08.07.1997;NA;NA;1522.206421;6.116503239;41.66194916
43642;0;827;Jura;Nichtwald;1;0;6;01.09.1997;NA;NA;1319.516968;7.951678276;39.80363846
43696;0;473;Mittelland;Nichtwald;1;0;2;18.05.1998;NA;NA;1074.946289;8.859781265;38.97771835
43896;0;896;Voralpen;Nichtwald;1;0;2;16.07.1998;NA;NA;1913.018188;6.674276352;43.83863831
43908;0;1369;Voralpen;Nichtwald;1;1;1;19.08.1999;NA;NA;2140.378662;5.290127754;44.10287094
43990;0;1521;Voralpen;Nichtwald;1;1;4;09.09.1997;NA;NA;1955.276001;3.502223969;44.99328232
43994;0;1346;Voralpen;Wald;1;0;4;09.09.1997;NA;NA;1687.686401;6.816681862;47.28897095
44507;0;437;Mittelland;Nichtwald;1;1;6;01.09.1997;NA;NA;1038.742798;9.825429916;38.20373535
44651;0;526;Mittelland;Nichtwald;1;0;4;07.03.1997;NA;NA;1140.422974;9.264240265;37.29660416
44795;0;1486;Alpen;Nichtwald;1;0;3;28.07.1997;NA;NA;2011.242432;5.701122761;44.5710907
44803;0;1627;Alpen;Nichtwald;1;0;3;16.07.1997;NA;NA;2051.553223;3.489979982;44.72962952
44819;0;628;Alpen;Nichtwald;1;1;3;16.07.1997;NA;NA;1313.24231;8.757003784;46.69173431
45309;0;1067;Jura;Wald;1;1;1;08.07.1997;NA;NA;1405.589966;7.026603699;40.27476883
45565;0;1362;Voralpen;Wald;1;1;2;04.08.1998;NA;NA;2059.886963;5.738479137;43.15635681
45573;0;1244;Voralpen;Wald;1;1;2;16.07.1998;NA;NA;2153.848877;4.692245007;43.67705154
45633;0;2020;Alpen;Nichtwald;0;0;NA;NA;NA;NA;2371.796631;3.29521966;44.4371376
45641;0;1343;Alpen;Wald;1;1;3;28.07.1997;NA;NA;1998.154053;3.397675037;43.11816788
46295;0;775;Voralpen;Nichtwald;1;0;4;09.06.1997;NA;NA;1468.875854;7.824401855;39.77596283
46417;0;1496;Voralpen;Wald;1;1;2;17.07.1998;NA;NA;2220.200439;4.471700191;43.96787262
47031;0;895;Jura;Wald;1;1;1;07.08.1996;NA;NA;1307.497681;8.289517403;40.45494461
48011;0;498;Mittelland;Wald;1;1;2;23.09.1997;NA;NA;1028.703003;9.437008858;38.69302368
48045;0;511;Mittelland;Nichtwald;1;1;2;18.05.1998;NA;NA;1086.540527;8.776668549;39.40200424
48079;0;760;Voralpen;Wald;1;1;6;15.07.1997;NA;NA;1319.439575;7.417758465;39.41671371
48303;0;1940;Alpen;Nichtwald;0;0;NA;NA;NA;NA;1856.352417;2.512807846;46.46820068
48323;0;1156;Alpen;Wald;1;1;3;25.07.1996;NA;NA;1437.648926;6.642992973;46.19194031
48973;0;553;Mittelland;Wald;1;1;4;22.07.1996;NA;NA;1087.939209;8.81499958;39.78266144
48975;0;530;Mittelland;Nichtwald;1;1;4;22.07.1996;NA;NA;1090.58667;8.848000526;39.71851349
48999;0;695;Voralpen;Nichtwald;1;0;2;18.05.1998;NA;NA;1236.377441;7.635129929;40.15891647
49041;0;913;Voralpen;Nichtwald;1;0;4;09.06.1997;NA;NA;1582.280273;7.329205036;39.69265747
49101;0;434;Mittelland;Nichtwald;0;0;NA;NA;NA;NA;1099.768311;9.565729141;36.6031456
49201;0;1220;Alpen;Nichtwald;1;1;6;28.07.1997;NA;NA;1900.946777;6.716889858;46.13684845
49211;0;515;Alpen;Nichtwald;1;1;6;28.07.1997;NA;NA;1498.099487;8.639932632;46.16486359
49813;0;1190;Jura;Wald;1;1;3;13.05.1998;NA;NA;1509.829956;5.567565441;42.0532608
49973;0;907;Voralpen;Wald;1;1;2;29.06.1998;NA;NA;1544.483398;7.011618614;38.34296417
49977;0;1014;Voralpen;Nichtwald;1;0;4;09.06.1997;NA;NA;1614.532104;6.893008709;38.16085815
50201;0;1805;Alpen;Nichtwald;0;0;NA;NA;NA;NA;1619.612061;1.96311295;46.39849091
50245;0;2021;Alpen;Nichtwald;1;1;4;28.08.1997;NA;NA;1424.35437;1.809004307;45.37026596
50867;0;526;Mittelland;Nichtwald;1;0;3;23.04.1998;NA;NA;1054.452759;9.111600876;38.40130997
50891;0;526;Mittelland;Nichtwald;1;0;4;07.03.1997;NA;NA;1065.169678;8.85804081;40.10345078
50997;0;607;Voralpen;Wald;1;1;4;08.04.1997;NA;NA;1200.11084;8.685576439;39.64282227
51011;1;597;Voralpen;Nichtwald;1;1;4;10.04.1997;7;12.10.1998;1226.406616;8.480540276;38.60457993
51053;0;1613;Alpen;Wald;1;1;4;23.05.1997;NA;NA;2073.819092;4.489520073;41.64780045
51103;0;1502;Voralpen;Nichtwald;1;1;1;26.08.1998;NA;NA;2131.458008;3.752422571;43.73627472
51853;0;480;Mittelland;Wald;1;1;3;23.04.1998;NA;NA;1010.201965;9.669823647;37.84832382
52041;0;550;Mittelland;Nichtwald;1;0;4;23.05.1997;NA;NA;1757.003296;9.152070999;40.20344543
52147;0;1504;Alpen;Nichtwald;1;1;5;06.08.1998;NA;NA;1966.706543;4.262301922;43.2563591
52149;0;1613;Alpen;Wald;1;1;5;06.08.1998;NA;NA;1928.054199;3.390733242;44.06507874
52880;0;718;Mittelland;Wald;1;1;2;27.05.1997;NA;NA;1151.386108;8.382767677;40.19694138
53144;1;927;Alpen;Wald;1;1;3;20.05.1997;7;20.10.1998;1935.416016;7.548485279;43.58381653
53887;0;780;Mittelland;Wald;1;1;2;27.05.1997;NA;NA;1286.299683;7.949966908;40.25947571
54029;0;1210;Voralpen;Nichtwald;1;1;4;11.03.1997;NA;NA;1857.161987;5.862424374;40.12505341
54057;0;498;Voralpen;Nichtwald;0;0;NA;NA;NA;NA;1164.026123;9.124856949;39.01050568
54099;0;1134;Voralpen;Nichtwald;1;1;1;23.07.1998;NA;NA;2057.819824;6.649496078;44.02098846
54145;0;1770;Alpen;Nichtwald;1;0;3;11.09.1997;NA;NA;2208.682129;4.239398003;45.79110718
54245;0;935;Alpen;Nichtwald;1;1;6;15.10.1996;NA;NA;1200.1427;8.464969635;48.84615707
54259;0;1199;Alpen;Wald;1;1;2;14.08.1998;NA;NA;1397.966309;4.895915508;44.71817398
54288;0;1743;Alpen;Nichtwald;1;1;1;17.09.1997;NA;NA;899.3651123;3.139377832;47.93250656
54808;0;1170;Jura;Wald;1;1;3;13.05.1998;NA;NA;1494.972534;5.128491402;43.11758423
54816;0;996;Jura;Nichtwald;1;0;3;14.05.1998;NA;NA;1441.538086;6.247056961;42.39814758
54940;0;697;Mittelland;Wald;1;1;2;26.05.1997;NA;NA;1156.484985;8.029881477;39.94939423
55032;0;876;Voralpen;Wald;1;1;4;20.10.1997;NA;NA;1548.067017;6.627773285;39.41687393
55112;0;615;Alpen;Wald;1;1;4;15.08.1997;NA;NA;1924.064697;6.754273891;43.05353546
55166;0;1618;Alpen;Nichtwald;1;1;3;11.09.1997;NA;NA;1986.969482;6.220064163;46.34822464
56997;0;554;Mittelland;Nichtwald;1;0;4;17.09.1996;NA;NA;1033.302734;9.432170868;39.32628632
57049;0;871;Voralpen;Nichtwald;1;1;3;15.10.1998;NA;NA;1282.573853;7.545884609;40.40291595
57103;0;1148;Voralpen;Wald;1;1;6;05.08.1996;NA;NA;1666.94458;6.906095982;39.8571167
57323;0;1980;Alpen;Nichtwald;0;0;NA;NA;NA;NA;1400.355957;2.033513069;44.48091888
57359;0;1378;Alpen;Wald;1;1;6;22.07.1996;NA;NA;1162.738525;3.896187782;45.94155121
58000;0;1021;Jura;Nichtwald;1;0;3;14.05.1998;NA;NA;1444.438599;5.963332653;42.25147247
58054;0;435;Mittelland;Nichtwald;1;0;3;23.04.1998;NA;NA;1007.200562;9.369693756;38.9370842
58068;0;439;Mittelland;Nichtwald;1;0;3;23.04.1998;NA;NA;998.4321289;9.889220238;38.71016693
58072;0;477;Mittelland;Nichtwald;1;0;3;23.04.1998;NA;NA;1010.154236;9.698257446;38.7813797
58206;0;810;Voralpen;Wald;1;1;4;15.05.1997;NA;NA;1758.325684;6.870727062;39.9958725
58210;0;1052;Voralpen;Nichtwald;1;0;4;08.04.1997;NA;NA;1735.401367;6.825789452;40.94005585
59081;0;1158;Jura;Nichtwald;1;1;3;14.05.1998;NA;NA;1446.38208;5.503399849;43.63713074
59097;0;826;Jura;Wald;1;1;3;12.05.1998;NA;NA;1373.987793;8.424686432;41.18761063
59169;0;489;Mittelland;Wald;1;1;3;23.04.1998;NA;NA;1008.192749;9.576715469;39.05653
59205;0;558;Mittelland;Nichtwald;1;1;3;17.06.1998;NA;NA;1047.641968;8.7323246;41.49848557
59387;0;1355;Alpen;Nichtwald;1;0;1;01.09.1998;NA;NA;1989.096436;5.919154167;43.12349319
59393;0;1641;Alpen;Nichtwald;1;1;1;27.08.1998;NA;NA;2045.560303;4.096385002;42.9154892
59421;0;2140;Alpen;Nichtwald;0;0;NA;NA;NA;NA;2090.806152;1.880827188;43.95641327
59475;0;2190;Alpen;Nichtwald;0;0;NA;NA;NA;NA;1701.852051;1.058527827;45.28414154
59483;0;2400;Alpen;Nichtwald;0;0;NA;NA;NA;NA;1827.112183;-0.322834551;44.77869034
59535;0;1452;Alpen;Nichtwald;1;1;6;23.07.1996;NA;NA;1182.166626;4.50982666;45.26398468
59551;0;1495;Alpen;Nichtwald;1;1;2;14.08.1998;NA;NA;1155.027466;4.981069088;46.87870789
60350;0;894;Voralpen;Nichtwald;1;0;3;28.06.1999;NA;NA;1355.397339;7.132253647;40.43651199
60404;0;756;Voralpen;Nichtwald;1;1;4;05.10.1993;NA;NA;1545.895508;8.002272606;39.96793747
60480;0;1310;Voralpen;Wald;1;1;4;26.05.1997;NA;NA;1478.147583;5.94534874;42.63095093
60500;0;1021;Alpen;Wald;1;1;1;29.07.1998;NA;NA;1804.215698;4.552106857;41.93505096
60632;0;1552;Alpen;Nichtwald;1;1;6;16.07.1996;NA;NA;1202.355591;5.658547401;47.87907028
61512;0;806;Voralpen;Nichtwald;1;1;6;19.08.1996;NA;NA;1532.845337;7.474609375;39.88682175
61744;0;2280;Alpen;Nichtwald;0;0;NA;NA;NA;NA;1465.307251;1.993640423;45.68895721
61792;0;1188;Alpen;Wald;1;1;2;13.08.1998;NA;NA;1134.629883;5.451546192;46.65965271
61800;0;856;Alpen;Nichtwald;1;0;2;12.08.1998;NA;NA;1127.465698;7.860855579;47.35237885
62711;0;1380;Voralpen;Nichtwald;1;1;4;25.09.1997;NA;NA;2078.275391;5.555758953;41.67701721
62753;0;1687;Voralpen;Wald;1;1;4;26.05.1997;NA;NA;1829.007324;4.40147686;40.53026962
63699;0;429;Mittelland;Nichtwald;0;0;NA;NA;NA;NA;1004.753296;10.03747177;39.09860229
63783;0;730;Mittelland;Wald;1;1;3;17.06.1998;NA;NA;1272.191162;7.996840954;41.22271347
63811;0;885;Voralpen;Wald;1;1;4;10.06.1997;NA;NA;1500.911499;6.98227787;40.19561768
63827;0;1030;Voralpen;Wald;1;1;6;26.08.1996;NA;NA;1679.861572;6.933328629;40.06938171
63831;0;1019;Voralpen;Wald;1;1;6;29.07.1996;NA;NA;1696.082642;6.875680447;40.59372711
63919;0;2098;Voralpen;Nichtwald;0;0;NA;NA;NA;NA;2022.337402;2.16622138;44.06740189
63991;0;1459;Alpen;Nichtwald;1;0;3;20.05.1997;NA;NA;1938.617554;5.723477364;46.81455994
64019;1;1213;Alpen;Wald;1;1;3;21.05.1997;7;19.10.1998;1668.567627;5.827877998;45.52875519
64059;0;1545;Alpen;Wald;1;1;6;15.07.1996;NA;NA;1336.403076;3.138787985;46.88211441
64843;0;429;Mittelland;Nichtwald;0;0;NA;NA;NA;NA;963.744873;10.0688467;39.05759811
64975;0;1044;Voralpen;Wald;1;1;4;10.06.1997;NA;NA;1499.109375;6.763011456;40.14944839
64987;0;757;Voralpen;Nichtwald;1;1;4;11.08.1998;NA;NA;1576.309082;7.424774647;40.07996368
65017;0;1804;Voralpen;Nichtwald;1;1;4;25.06.1997;NA;NA;2337.761963;4.293610096;41.87557983
65123;0;1850;Alpen;Nichtwald;1;0;1;26.08.1998;NA;NA;1966.002197;1.462315559;42.59307098
65275;0;1770;Alpen;Wald;1;1;2;13.08.1998;NA;NA;1137.125977;2.574958563;44.68056488
65321;0;2720;Alpen;Nichtwald;0;0;NA;NA;NA;NA;1240.974487;-2.682249069;48.05764008
66105;0;588;Mittelland;Nichtwald;1;0;2;01.04.1997;NA;NA;1186.114868;8.632492065;41.57401657
66139;0;844;Voralpen;Nichtwald;1;0;4;09.06.1997;NA;NA;1479.409302;7.427286625;40.37683868
66518;0;1044;Alpen;Nichtwald;1;0;1;16.09.1997;NA;NA;775.9072266;4.696480274;48.43958664
67231;0;566;Mittelland;Nichtwald;1;1;3;18.06.1998;NA;NA;1057.473389;9.166606903;40.78538132
67299;0;775;Voralpen;Nichtwald;1;0;4;09.06.1997;NA;NA;1375.288574;7.439023495;41.2383461
67393;0;1560;Voralpen;Nichtwald;1;1;4;11.09.1997;NA;NA;1842.044067;4.31334877;43.06348801
67441;0;1460;Alpen;Wald;1;1;4;14.05.1997;NA;NA;1625.498657;6.445897102;43.44007111
67535;0;2270;Alpen;Nichtwald;0;0;NA;NA;NA;NA;1767.821777;-1.080721855;43.28668594
68304;1;1042;Jura;Wald;1;1;3;19.09.1997;7;26.05.1998;1527.473389;5.200397968;43.33934402
68506;0;912;Voralpen;Nichtwald;1;1;6;13.08.1996;NA;NA;1538.993408;7.305128098;40.60732651
68716;0;2490;Alpen;Nichtwald;0;0;NA;NA;NA;NA;1725.846069;-0.151265845;43.73713684
68858;0;2890;Alpen;Nichtwald;0;0;NA;NA;NA;NA;1142.210938;-2.079010963;47.97314453
69505;0;1398;Jura;Wald;1;1;3;19.09.1997;NA;NA;1534.030884;5.265431881;42.1450119
69635;0;884;Mittelland;Nichtwald;1;0;2;31.03.1997;NA;NA;1257.453491;7.574123383;42.13217545
69671;0;899;Voralpen;Nichtwald;1;1;4;16.07.1996;NA;NA;1414.760498;6.886203289;41.22385406
69773;1;674;Voralpen;Wald;1;1;4;18.04.1997;7;11.05.1998;1207.427734;8.282176018;41.84363556
70023;0;2322;Alpen;Nichtwald;0;0;NA;NA;NA;NA;1463.106934;0.052033775;47.67362213
70043;0;2850;Alpen;Nichtwald;0;0;NA;NA;NA;NA;1458.437744;-1.864155531;46.34337234
70701;0;988;Jura;Nichtwald;1;0;6;26.05.1997;NA;NA;1556.402588;6.023197651;44.05434418
70743;0;430;Jura;Nichtwald;0;0;NA;NA;NA;NA;1024.829712;9.906492233;40.28281403
70773;0;438;Mittelland;Nichtwald;1;0;2;15.04.1997;NA;NA;994.394043;9.828388214;40.34096527
70881;0;1029;Mittelland;Wald;1;1;4;16.07.1996;NA;NA;1394.898682;6.83250618;41.43798828
70985;1;992;Voralpen;Wald;1;1;4;18.04.1997;7;18.05.1998;1388.000244;8.083022118;43.48503494
70993;0;1813;Alpen;Nichtwald;1;0;4;15.10.1998;NA;NA;1891.155273;1.234434366;40.56183624
71297;1;1090;Alpen;Wald;1;1;1;16.09.1997;7;05.05.1998;844.2993774;4.758919239;48.52781677
71995;0;438;Mittelland;Nichtwald;1;0;2;15.04.1997;NA;NA;991.5444336;9.747048378;40.1173172
72059;0;784;Mittelland;Nichtwald;1;1;2;01.04.1997;NA;NA;1317.754883;7.631706715;42.05042267
72251;0;710;Alpen;Nichtwald;1;0;4;11.06.1997;NA;NA;1491.2771;6.531908512;42.30099106
72299;0;2003;Alpen;Nichtwald;0;0;NA;NA;NA;NA;1790.310059;-1.609028101;42.04704285
72321;0;2400;Alpen;Nichtwald;0;0;NA;NA;NA;NA;1604.094971;1.009913564;42.47516251
72383;0;880;Alpen;Wald;1;1;4;16.07.1997;NA;NA;1013.974976;7.449759007;48.39332199
72457;0;2620;Alpen;Nichtwald;0;0;NA;NA;NA;NA;1405.341797;-0.941478014;46.83797455
73259;0;650;Mittelland;Nichtwald;1;0;3;02.09.1998;NA;NA;1133.586182;8.550811768;41.42199707
73503;0;3140;Alpen;Nichtwald;0;0;NA;NA;NA;NA;1943.273315;-4.26636076;41.52083206
73541;0;2070;Alpen;Nichtwald;1;0;4;24.09.1998;NA;NA;1567.630127;2.762397766;42.41596222
73545;0;2100;Alpen;Nichtwald;1;0;4;29.09.1998;NA;NA;1608.117676;2.308237553;44.24701309
73733;1;1339;Alpen;Wald;1;1;1;18.09.1997;7;29.04.1998;848.5634766;3.750658274;48.91784668
74490;0;705;Mittelland;Nichtwald;1;1;3;02.09.1998;NA;NA;1228.846924;8.218761444;41.91934204
74510;0;1024;Voralpen;Wald;1;1;3;26.05.1998;NA;NA;1264.070801;7.311133862;42.09002686
74512;0;1010;Voralpen;Nichtwald;1;0;3;26.05.1998;NA;NA;1226.075928;7.275928974;42.15916824
74704;0;2392;Alpen;Nichtwald;0;0;NA;NA;NA;NA;1906.229858;0.638599336;44.37418365
74780;0;1966;Alpen;Nichtwald;1;1;4;19.08.1998;NA;NA;1404.798584;3.190032482;45.4666481
74958;1;1853;Alpen;Wald;1;1;1;19.09.1997;7;01.05.1998;947.9905396;1.105576515;47.91332626
75630;0;429;Mittelland;Nichtwald;0;0;NA;NA;NA;NA;1218.523438;9.878491402;40.11536407
75638;0;508;Mittelland;Nichtwald;1;1;2;16.04.1997;NA;NA;1098.382324;9.4155159;40.76613998
75954;0;2220;Alpen;Nichtwald;1;0;2;23.10.1998;NA;NA;1892.295532;-1.915439129;41.93849564
76132;0;2720;Alpen;Nichtwald;0;0;NA;NA;NA;NA;1275.527344;-2.3501122;47.38557434
76854;0;578;Mittelland;Nichtwald;1;0;2;16.04.1997;NA;NA;1141.493896;9.153020859;40.80244446
76958;0;577;Mittelland;Nichtwald;1;0;3;26.05.1998;NA;NA;1095.344116;8.780953407;42.69706726
77098;0;1030;Alpen;Nichtwald;1;0;4;25.08.1997;NA;NA;1488.53833;6.017743111;44.03775406
77264;0;1749;Alpen;Nichtwald;1;1;4;27.05.1999;NA;NA;1023.87323;3.942156553;47.58006668
77366;0;2170;Alpen;Nichtwald;1;1;3;22.09.1998;NA;NA;1151.237671;0.998662114;49.92957687
77402;0;2109;Alpen;Nichtwald;1;1;1;18.09.1997;NA;NA;941.6901855;0.151951805;47.78387833
78238;0;955;Voralpen;Nichtwald;1;0;2;16.09.1997;NA;NA;1681.790771;6.99298811;44.72431564
78266;1;1497;Voralpen;Nichtwald;1;1;4;22.07.1997;7;29.09.1998;1937.178223;4.895302773;42.68749619
78272;0;1648;Voralpen;Wald;1;1;4;22.07.1997;NA;NA;1879.624756;5.125722885;45.04819489
78310;0;1271;Voralpen;Nichtwald;1;0;4;25.08.1997;NA;NA;1428.631714;4.9086833;43.41358948
78386;0;3029;Alpen;Nichtwald;0;0;NA;NA;NA;NA;2031.746704;-2.187819719;42.86016083
78526;0;2342;Alpen;Nichtwald;0;0;NA;NA;NA;NA;1089.527832;0.648139596;47.55247116
78572;0;2636;Alpen;Nichtwald;0;0;NA;NA;NA;NA;1131.836426;-0.171411589;49.03097916
78584;0;1859;Alpen;Wald;1;1;3;23.09.1998;NA;NA;952.8592529;2.734006882;50.7026825
78604;0;1416;Alpen;Wald;1;1;3;21.09.1998;NA;NA;771.7372437;4.117465019;49.26940155
79297;0;587;Mittelland;Nichtwald;1;0;2;16.04.1997;NA;NA;1114.790405;9.054530144;40.91139221
79377;0;809;Mittelland;Nichtwald;1;0;3;02.09.1998;NA;NA;1271.051758;7.557081699;41.74333572
79459;0;1112;Voralpen;Nichtwald;1;1;2;16.09.1997;NA;NA;1756.838989;6.119982719;43.6739006
79489;0;1473;Voralpen;Wald;1;1;4;01.09.1997;NA;NA;1964.451294;4.290973186;42.59246063
79597;0;2144;Alpen;Nichtwald;0;0;NA;NA;NA;NA;1817.102783;3.284054756;43.89487457
79829;0;1996;Alpen;Wald;1;1;3;22.09.1998;NA;NA;880.2810059;-0.049778812;46.1027298
80475;0;622;Jura;Nichtwald;1;0;6;27.05.1997;NA;NA;1228.226929;9.299926758;42.67598343
80533;0;466;Mittelland;Nichtwald;1;1;2;15.04.1997;NA;NA;891.2689819;9.556131363;40.94100189
80551;0;615;Mittelland;Nichtwald;1;0;2;15.04.1997;NA;NA;1085.87561;8.876008987;41.05319214
80575;0;688;Mittelland;Nichtwald;1;0;4;18.09.1997;NA;NA;1195.488647;8.403324127;42.0848465
80811;0;2311;Alpen;Nichtwald;0;0;NA;NA;NA;NA;1846.468994;1.510520935;46.20363998
80833;0;2190;Alpen;Nichtwald;1;0;4;23.09.1997;NA;NA;1975.690796;2.130958796;43.10399628
80837;0;2640;Alpen;Nichtwald;0;0;NA;NA;NA;NA;2121.391357;-1.927760124;43.2255249
80855;0;2400;Alpen;Nichtwald;0;0;NA;NA;NA;NA;1534.380371;1.416810632;44.98580933
80873;0;1005;Alpen;Wald;1;1;4;18.06.1998;NA;NA;1130.898682;7.894964218;46.69475937
80909;0;1720;Alpen;Nichtwald;1;1;4;22.10.1998;NA;NA;1098.359619;4.239080906;47.24853516
81045;0;1759;Alpen;Wald;1;1;1;21.09.1998;NA;NA;917.3828735;-0.046354949;48.90552521
81727;0;597;Mittelland;Nichtwald;1;0;3;18.06.1997;NA;NA;1058.113037;8.990702629;40.97285461
81865;1;738;Voralpen;Wald;1;1;3;04.09.1997;7;06.07.1998;1233.049438;8.17066288;42.94784164
81937;0;1250;Voralpen;Nichtwald;1;1;4;17.04.1997;NA;NA;1666.1427;7.344997406;45.63212967
81945;1;1335;Voralpen;Wald;1;1;4;25.04.1997;7;29.09.1998;1918.366577;3.853843689;42.10411072
81965;0;2160;Voralpen;Nichtwald;1;0;4;02.06.1998;NA;NA;2115.195801;1.753115177;43.56767273
81979;0;2096;Voralpen;Nichtwald;1;1;4;25.08.1997;NA;NA;2176.831055;0.055398453;42.28061676
81989;0;1584;Alpen;Nichtwald;0;0;NA;NA;NA;NA;1867.754028;1.509307861;42.88244629
82071;0;2159;Alpen;Nichtwald;0;0;NA;NA;NA;NA;1550.616699;2.286617279;44.90003204
82105;0;732;Alpen;Nichtwald;1;0;4;18.06.1998;NA;NA;1070.454102;7.864078999;47.00586319
82153;0;1503;Alpen;Wald;1;1;4;27.05.1999;NA;NA;1064.165039;4.450941086;46.95693588
83008;0;749;Mittelland;Nichtwald;1;0;4;18.09.1997;NA;NA;1218.253052;8.295274734;42.50785828
83050;0;860;Voralpen;Wald;1;1;3;26.05.1998;NA;NA;1339.905762;7.17211628;44.10380554
83054;0;955;Voralpen;Nichtwald;1;0;3;26.05.1998;NA;NA;1215.786865;7.762370586;43.88669586
83066;0;549;Mittelland;Nichtwald;1;0;3;20.08.1997;NA;NA;1006.955078;8.864984512;42.85556412
83090;1;856;Voralpen;Wald;1;1;3;21.08.1997;7;29.06.1998;1336.130249;7.302801609;43.56570816
83142;0;1465;Alpen;Nichtwald;1;0;4;01.09.1997;NA;NA;1776.138428;5.192347527;43.90109253
83266;0;1895;Alpen;Nichtwald;1;1;4;23.09.1997;NA;NA;1714.009644;2.758135796;43.89194489
83404;0;1558;Alpen;Nichtwald;1;0;2;29.07.1997;NA;NA;1066.589722;3.581743002;47.8032608
83442;0;2007;Alpen;Wald;1;1;1;23.09.1998;NA;NA;977.649292;-0.452430785;48.38791275
84128;0;468;Mittelland;Nichtwald;1;1;3;18.06.1997;NA;NA;899.1353149;10.19056606;42.17323685
84340;0;1924;Alpen;Nichtwald;0;0;NA;NA;NA;NA;1691.666504;4.327522278;43.36658859
84388;0;1960;Voralpen;Nichtwald;1;0;4;02.06.1998;NA;NA;1989.520752;1.662900925;44.48781586
84470;0;2620;Alpen;Nichtwald;0;0;NA;NA;NA;NA;1948.284424;-1.073551893;44.08369064
84524;0;1382;Alpen;Nichtwald;1;0;4;19.06.1998;NA;NA;1073.040649;5.796717167;46.76023483
84576;0;2300;Alpen;Nichtwald;0;0;NA;NA;NA;NA;1047.830933;1.888550758;47.3224144
84588;0;2600;Alpen;Nichtwald;0;0;NA;NA;NA;NA;1331.190796;-2.170031786;46.56082916
85485;0;680;Mittelland;Nichtwald;1;1;3;26.05.1998;NA;NA;1135.742432;8.4041605;43.09043503
85497;0;560;Voralpen;Nichtwald;1;1;3;09.06.1998;NA;NA;979.9129639;8.879193306;43.46004486
85515;0;998;Voralpen;Nichtwald;1;1;3;04.09.1997;NA;NA;1481.270996;6.801651001;43.60541916
85741;0;1079;Alpen;Nichtwald;1;0;4;18.06.1998;NA;NA;1064.537476;7.933676243;47.80386353
85917;0;2232;Alpen;Nichtwald;1;1;1;22.09.1998;NA;NA;869.2698975;-1.720605731;48.12895584
86960;0;1820;Alpen;Nichtwald;1;0;4;19.06.1998;NA;NA;1011.775269;3.855975151;46.68878174
86974;0;1392;Alpen;Wald;1;1;4;20.07.1998;NA;NA;1145.900757;3.870611429;44.96819687
87120;0;2983;Alpen;Nichtwald;0;0;NA;NA;NA;NA;1048.753906;-2.657986403;49.04529953
87823;0;741;Mittelland;Nichtwald;1;0;3;18.06.1997;NA;NA;1063.195923;8.594964027;41.603302
87845;0;606;Mittelland;Nichtwald;1;0;2;15.04.1997;NA;NA;1094.99707;8.629623413;41.298069
88009;0;564;Alpen;Nichtwald;0;0;NA;NA;NA;NA;1333.103271;8.849142075;45.41408157
88107;0;1398;Alpen;Wald;1;1;6;24.10.1996;NA;NA;1188.107178;6.875477314;44.73353577
88131;0;2980;Alpen;Nichtwald;0;0;NA;NA;NA;NA;2099.54126;-2.82294488;43.3286438
88235;0;722;Alpen;Nichtwald;1;1;1;21.10.1998;NA;NA;901.0480347;8.728029251;47.61339188
88327;0;2461;Alpen;Nichtwald;0;0;NA;NA;NA;NA;900.8701172;-0.73931855;49.72556686
89090;0;672;Mittelland;Nichtwald;1;0;2;15.04.1997;NA;NA;1157.551392;8.568283081;42.08854294
89276;0;1063;Alpen;Nichtwald;1;1;4;26.05.1998;NA;NA;1619.0271;6.128720284;45.11534119
89288;0;1653;Alpen;Wald;1;1;4;13.07.1998;NA;NA;1715.446777;4.975691319;45.68513489
89532;0;2420;Alpen;Nichtwald;0;0;NA;NA;NA;NA;946.0246582;-1.072386265;48.0957489
89544;0;2550;Alpen;Nichtwald;0;0;NA;NA;NA;NA;920.0576782;-1.700427771;47.67568207
90236;0;621;Jura;Nichtwald;1;1;6;11.05.1997;NA;NA;1527.483521;7.673140049;43.36266327
90238;0;726;Jura;Nichtwald;1;0;6;07.05.1997;NA;NA;1532.951538;6.642360687;43.17856979
90480;1;1086;Alpen;Wald;1;1;2;19.08.1997;7;07.04.1999;1449.221802;5.744205952;45.20677185
90504;0;598;Alpen;Nichtwald;1;0;4;26.05.1998;NA;NA;1397.736816;7.56951189;46.74935532
90516;0;1477;Alpen;Wald;1;1;4;26.05.1998;NA;NA;1682.34375;5.970181942;44.14753342
91488;0;543;Jura;Nichtwald;1;0;6;13.05.1997;NA;NA;912.4006348;9.990602493;42.24239731
91524;0;786;Mittelland;Nichtwald;1;0;3;18.06.1997;NA;NA;1106.029053;8.275355339;42.40355301
91526;0;798;Mittelland;Wald;1;1;3;18.06.1997;NA;NA;1117.71814;8.32502079;42.35387039
91658;0;560;Voralpen;Wald;1;1;3;25.06.1997;NA;NA;1188.971924;8.820619583;42.95673752
91786;0;2560;Alpen;Nichtwald;0;0;NA;NA;NA;NA;2200.209229;-1.753902316;43.51412964
91992;0;2560;Alpen;Nichtwald;0;0;NA;NA;NA;NA;971.0267334;-1.138073087;49.09757614
92754;0;686;Mittelland;Nichtwald;1;0;3;18.06.1997;NA;NA;1045.405151;9.131266594;42.87123489
92832;0;1130;Voralpen;Wald;1;1;3;30.06.1998;NA;NA;1578.20813;5.813782215;41.66949463
92966;0;2221;Alpen;Nichtwald;1;0;3;19.08.1998;NA;NA;1886.345581;1.029731393;44.27539444
93124;0;2200;Alpen;Nichtwald;1;0;4;20.08.1998;NA;NA;1227.883179;0.652204454;46.16461563
93128;0;1936;Alpen;Nichtwald;1;0;4;20.08.1998;NA;NA;1114.008545;3.541345358;47.4998436
93184;0;1072;Alpen;Nichtwald;1;1;1;21.10.1998;NA;NA;944.7043457;4.447617531;46.5162735
93192;0;987;Alpen;Wald;1;1;1;16.10.1998;NA;NA;902.4790649;7.616641998;49.35137558
93240;0;2870;Alpen;Nichtwald;0;0;NA;NA;NA;NA;923.208374;-0.989654005;48.56636047
93312;0;3006;Alpen;Nichtwald;0;0;NA;NA;NA;NA;793.0505981;-2.527341843;49.6749649
94050;0;770;Mittelland;Nichtwald;1;0;2;15.04.1997;NA;NA;1232.280884;8.274532318;42.37395477
94192;0;612;Alpen;Nichtwald;1;0;2;19.08.1997;NA;NA;1245.818604;8.985035896;46.27947998
94194;0;563;Alpen;Nichtwald;0;0;NA;NA;NA;NA;1232.189209;9.013214111;46.11708069
94506;0;2379;Alpen;Nichtwald;0;0;NA;NA;NA;NA;782.2988281;-1.53397882;49.3924942
94570;0;2171;Alpen;Nichtwald;1;1;1;22.09.1998;NA;NA;797.3764038;-0.369567871;49.15522766
95277;0;748;Mittelland;Nichtwald;1;1;3;18.06.1997;NA;NA;1128.989624;8.254217148;42.98498917
95331;0;823;Voralpen;Nichtwald;1;0;4;18.09.1997;NA;NA;1270.567993;8.368933678;42.76863098
95441;0;943;Voralpen;Nichtwald;1;0;3;20.08.1997;NA;NA;1452.611694;8.093589783;46.19142532
95505;0;936;Alpen;Wald;1;1;4;10.07.1998;NA;NA;1486.796997;5.383693695;45.15721512
95515;0;2125;Alpen;Nichtwald;0;0;NA;NA;NA;NA;1960.98938;0.822129905;44.13976669
95561;0;1164;Alpen;Wald;1;1;4;14.05.1998;NA;NA;1350.447266;5.97229147;44.72470093
95723;0;970;Alpen;Nichtwald;1;1;1;15.10.1998;NA;NA;899.87323;7.261903763;49.44916153
95765;0;2413;Alpen;Nichtwald;0;0;NA;NA;NA;NA;819.324585;-0.427025467;49.23996353
96639;0;1745;Voralpen;Nichtwald;1;0;6;04.08.1997;NA;NA;2072.130371;3.52508688;46.19250107
96675;0;1133;Voralpen;Wald;1;1;3;04.09.1997;NA;NA;1308.158203;6.529980183;44.58944321
96705;0;558;Voralpen;Nichtwald;0;0;NA;NA;NA;NA;1268.460815;9.031000137;46.01312637
96713;0;568;Alpen;Nichtwald;1;1;2;02.04.1997;NA;NA;1186.501587;8.89673233;46.09962463
96781;0;1988;Alpen;Nichtwald;0;0;NA;NA;NA;NA;2004.418579;0.996760666;44.092556
96785;0;2590;Alpen;Nichtwald;0;0;NA;NA;NA;NA;2363.000488;-3.050912142;43.62199402
96893;0;2460;Alpen;Nichtwald;0;0;NA;NA;NA;NA;1401.739502;-0.170235842;45.57618332
96987;0;1200;Alpen;Wald;1;1;5;16.10.1998;NA;NA;977.6743774;4.507295132;48.89964294
97911;0;1412;Voralpen;Nichtwald;1;0;6;04.08.1997;NA;NA;2012.340088;4.039047241;46.49149704
98069;0;2930;Alpen;Nichtwald;0;0;NA;NA;NA;NA;2408.452881;-4.128766537;42.0579834
98367;0;2125;Alpen;Wald;1;1;1;14.10.1998;NA;NA;786.9216309;2.488700151;51.32590866
99105;0;716;Mittelland;Nichtwald;1;0;6;27.03.1997;NA;NA;1166.815552;8.577851295;43.45368195
99111;0;734;Mittelland;Wald;1;1;6;27.03.1997;NA;NA;1176.234375;8.735620499;43.80417252
99239;0;664;Voralpen;Nichtwald;1;0;6;10.06.1997;NA;NA;1421.140137;7.960182667;45.41157913
99383;0;1801;Alpen;Nichtwald;1;1;4;14.05.1998;NA;NA;1473.848267;3.476898193;45.63835907
99407;0;2080;Alpen;Nichtwald;1;1;4;05.08.1997;NA;NA;1461.920044;2.629838228;47.41939163
99583;0;1993;Alpen;Wald;1;1;1;15.10.1998;NA;NA;867.6790771;1.31330514;50.17286682
99615;0;2067;Alpen;Wald;1;1;2;31.07.1996;NA;NA;824.932373;-0.83389008;49.84812546
99617;0;2370;Alpen;Nichtwald;0;0;NA;NA;NA;NA;866.4370728;-2.470633268;50.21881104
99670;0;2098;Alpen;Nichtwald;1;1;1;15.10.1998;NA;NA;762.6680298;3.217540026;51.15286636
100424;0;800;Mittelland;Nichtwald;1;0;3;25.06.1998;NA;NA;1255.474487;7.871667385;43.23019409
100438;0;858;Voralpen;Nichtwald;1;0;3;25.06.1998;NA;NA;1379.893311;7.603167057;43.18770981
100482;0;1416;Voralpen;Nichtwald;1;0;2;11.09.1996;NA;NA;1886.542114;4.573970318;46.10520935
100484;0;1335;Voralpen;Nichtwald;1;0;2;11.09.1996;NA;NA;1857.447388;4.517807007;45.93069458
100548;0;778;Voralpen;Wald;1;1;4;28.07.1997;NA;NA;1322.465942;7.781097889;45.56900787
100632;0;2290;Alpen;Nichtwald;0;0;NA;NA;NA;NA;2326.649658;0.296747178;44.11133194
100700;0;2500;Alpen;Nichtwald;0;0;NA;NA;NA;NA;1607.382202;1.023454428;46.97519302
100756;0;2315;Alpen;Nichtwald;0;0;NA;NA;NA;NA;1419.840698;-0.259699672;46.34469986
100832;0;2000;Alpen;Nichtwald;1;0;3;22.07.1997;NA;NA;1011.563904;1.861888409;48.09705734
101645;0;674;Mittelland;Wald;1;1;2;29.07.1998;NA;NA;1174.717529;9.458609581;42.85023117
102065;0;1647;Alpen;Nichtwald;1;0;4;22.09.1997;NA;NA;1107.363403;5.120625973;46.56526947
102191;0;1657;Alpen;Nichtwald;1;1;2;30.07.1996;NA;NA;747.0117798;1.64845264;50.1971817
102207;0;2760;Alpen;Nichtwald;0;0;NA;NA;NA;NA;839.2121582;-3.163378;50.60796738
102941;0;536;Mittelland;Wald;1;1;6;01.04.1999;NA;NA;955.2306519;10.07848263;43.35312271
103113;0;1405;Alpen;Nichtwald;1;0;4;28.07.1997;NA;NA;1324.841553;6.964797974;46.14777756
103149;0;723;Alpen;Wald;1;1;2;16.09.1996;NA;NA;1358.656616;7.55439043;46.3061409
103153;0;735;Alpen;Wald;1;1;2;16.09.1996;NA;NA;1398.611694;6.466715336;46.11293793
103313;0;2915;Alpen;Nichtwald;0;0;NA;NA;NA;NA;1698.780029;-1.405282974;45.29827881
103319;0;2400;Alpen;Nichtwald;0;0;NA;NA;NA;NA;1547.367798;-1.524721026;45.71443176
104200;0;553;Mittelland;Nichtwald;1;0;6;21.04.1997;NA;NA;994.9109497;9.791779518;43.26836014
104352;0;1764;Voralpen;Nichtwald;1;1;6;09.06.1997;NA;NA;1663.034302;3.888653278;47.29205322
104360;0;1681;Voralpen;Nichtwald;1;0;6;09.06.1997;NA;NA;1402.827148;4.07717514;46.46444321
104406;0;1458;Alpen;Nichtwald;1;1;4;29.09.1997;NA;NA;1582.222534;5.473263264;46.19031906
104494;0;2900;Alpen;Nichtwald;0;0;NA;NA;NA;NA;2254.081787;-2.981317282;43.23783875
104650;0;1548;Alpen;Wald;1;1;3;30.07.1997;NA;NA;985.8380737;5.952864647;48.12516403
104664;0;2859;Alpen;Nichtwald;0;0;NA;NA;NA;NA;1028.258057;-1.168000102;48.68413544
104780;0;1700;Alpen;Wald;1;1;5;14.10.1998;NA;NA;774.9828491;1.473191261;47.89507675
105461;0;971;Mittelland;Wald;1;1;2;29.07.1998;NA;NA;1378.059937;8.413021088;43.64529419
105605;0;1423;Voralpen;Wald;1;1;2;07.10.1996;NA;NA;1980.428101;4.940871239;45.77127457
105761;0;1850;Alpen;Nichtwald;0;0;NA;NA;NA;NA;1966.735352;0.944583178;42.85807037
105897;0;2400;Alpen;Nichtwald;0;0;NA;NA;NA;NA;1484.563232;-0.407053083;44.93291855
106009;0;1698;Alpen;Nichtwald;1;0;2;28.07.1997;NA;NA;791.0269775;1.945467591;48.70881653
106015;0;2134;Alpen;Nichtwald;1;1;2;01.08.1996;NA;NA;909.2613525;-0.404518902;49.46117783
106807;0;699;Mittelland;Nichtwald;1;0;6;07.04.1997;NA;NA;1211.15625;8.75527668;43.63175964
106839;0;883;Voralpen;Nichtwald;1;1;3;30.06.1998;NA;NA;1353.895264;7.109794617;43.09397507
106845;0;812;Voralpen;Wald;1;1;3;30.06.1998;NA;NA;1265.146118;7.616529942;44.00205612
106897;0;922;Voralpen;Nichtwald;1;1;6;10.06.1997;NA;NA;1348.276978;7.319097996;46.43616867
106973;0;1890;Alpen;Nichtwald;0;0;NA;NA;NA;NA;1563.719238;3.80249095;48.71787643
107029;0;2630;Alpen;Nichtwald;0;0;NA;NA;NA;NA;1964.30896;-2.793187141;42.66325378
107047;0;2570;Alpen;Nichtwald;0;0;NA;NA;NA;NA;2023.165039;-3.342300892;43.7684021
107135;0;2295;Alpensüdseite;Nichtwald;1;0;2;01.01.1997;NA;NA;1730.400024;2.717388868;47.12633896
107185;0;2340;Alpen;Nichtwald;0;0;NA;NA;NA;NA;1408.381836;1.066547155;46.82290268
108219;0;1086;Alpen;Nichtwald;1;1;4;23.06.1998;NA;NA;1265.885986;5.666369438;45.77863312
108527;0;2420;Alpen;Nichtwald;0;0;NA;NA;NA;NA;985.2449951;-0.979847491;49.52600479
109277;0;1573;Mittelland;Wald;1;1;2;28.08.1998;NA;NA;2010.206421;4.823440552;43.38325119
109343;0;867;Mittelland;Nichtwald;1;0;6;07.04.1997;NA;NA;1417.828735;8.363241196;44.22595596
109709;0;1803;Alpen;Wald;1;1;4;22.09.1997;NA;NA;1443.426025;1.536423922;46.02950287
109785;0;1370;Alpen;Wald;1;1;3;23.07.1997;NA;NA;971.7890625;4.683475018;47.91120529
110544;0;706;Mittelland;Nichtwald;1;0;6;21.04.1997;NA;NA;1271.24707;9.285112381;43.80884933
110556;0;600;Mittelland;Nichtwald;1;0;6;21.04.1997;NA;NA;1006.852966;9.894721031;44.69476318
110896;0;2690;Alpen;Nichtwald;0;0;NA;NA;NA;NA;1716.898682;0.072968476;47.15443039
110970;0;2580;Alpen;Nichtwald;0;0;NA;NA;NA;NA;1599.567749;-2.103679419;46.88578415
111104;0;2973;Alpen;Nichtwald;0;0;NA;NA;NA;NA;1061.626709;-2.366055489;50.94087219
111825;0;800;Mittelland;Nichtwald;1;0;6;07.04.1997;NA;NA;1333.262451;8.502770424;44.27122879
111967;0;1634;Alpen;Wald;1;1;4;23.06.1998;NA;NA;1362.396729;2.906680584;45.86650467
112003;0;1613;Alpen;Wald;1;1;2;17.09.1996;NA;NA;1384.23645;5.438560963;47.13058853
112021;0;2630;Alpen;Nichtwald;0;0;NA;NA;NA;NA;2400.214355;-2.498173237;44.58607864
112948;1;1365;Jura;Nichtwald;1;1;1;09.07.1997;7;21.09.1998;1931.947388;4.890849113;43.73095322
113038;0;666;Mittelland;Wald;1;1;3;25.06.1998;NA;NA;1349.563721;8.987243652;44.67375565
113074;0;827;Voralpen;Nichtwald;1;0;2;08.10.1996;NA;NA;1211.974487;7.691919804;45.07592392
113116;0;1515;Voralpen;Nichtwald;1;1;6;30.09.1999;NA;NA;1488.349854;4.787245274;47.69630432
113182;0;1671;Alpen;Wald;1;1;4;18.09.1998;NA;NA;1560.629883;1.991423368;47.14971924
113238;0;2830;Alpen;Nichtwald;0;0;NA;NA;NA;NA;2691.257324;-2.804965496;44.4611969
113274;0;2247;Alpen;Nichtwald;1;1;2;05.07.1998;NA;NA;1820.370361;0.038553726;44.35090637
113326;0;2189;Alpensüdseite;Nichtwald;0;0;NA;NA;NA;NA;1805.478882;0.759346247;47.96239471
113438;0;1640;Alpen;Nichtwald;1;0;3;29.07.1997;NA;NA;1215.724976;0.96369338;44.84356689
114181;0;526;Mittelland;Wald;1;1;2;28.08.1998;NA;NA;1010.40802;10.35052967;45.97851181
114237;0;710;Mittelland;Nichtwald;1;0;3;25.06.1998;NA;NA;1382.950317;8.764845848;44.89122391
114357;0;1402;Alpen;Nichtwald;1;0;4;10.07.1998;NA;NA;1204.124268;4.820994377;47.15461731
114459;0;2365;Alpen;Nichtwald;0;0;NA;NA;NA;NA;1939.919922;-1.718731999;44.24490356
114535;0;2046;Alpensüdseite;Nichtwald;1;1;5;30.07.1998;NA;NA;1734.209595;2.533595562;49.21933365
114557;0;1179;Alpensüdseite;Wald;1;1;1;12.08.1997;NA;NA;1566.606812;6.457203388;47.65164566
114671;0;2820;Alpen;Nichtwald;0;0;NA;NA;NA;NA;1028.483154;-2.419778347;47.77764893
115373;0;519;Mittelland;Nichtwald;1;0;6;21.04.1997;NA;NA;1004.455688;10.36894417;45.70214462
115513;1;1129;Voralpen;Nichtwald;1;1;6;15.04.1997;7;06.07.1998;1429.427979;6.335810184;48.12613678
115673;0;2510;Alpen;Nichtwald;0;0;NA;NA;NA;NA;1782.909058;-1.864007473;44.69474411
115709;1;1383;Alpensüdseite;Wald;1;1;4;05.08.1997;7;16.06.1998;1535.700684;4.458659172;48.26433563
115813;0;2110;Alpen;Nichtwald;1;0;5;14.11.1999;NA;NA;1533.554321;1.571156502;46.21580887
115857;0;2060;Alpen;Wald;1;1;3;23.09.1997;NA;NA;1044.512329;3.137012959;47.95738602
116553;0;694;Mittelland;Nichtwald;1;0;2;27.08.1998;NA;NA;1296.825928;9.273781776;44.35310364
116555;0;670;Mittelland;Nichtwald;1;1;6;22.04.1997;NA;NA;1257.841919;9.329454422;44.44496536
116561;0;687;Mittelland;Nichtwald;1;1;6;21.04.1997;NA;NA;1187.289185;9.515163422;44.6468544
116609;1;765;Mittelland;Wald;1;1;6;01.04.1997;7;13.10.1998;1379.175537;8.83027935;45.88771439
116681;0;1760;Voralpen;Nichtwald;1;1;2;09.10.1996;NA;NA;1884.524048;3.053776264;46.66335297
116799;0;2684;Alpen;Nichtwald;0;0;NA;NA;NA;NA;2694.864746;-2.42086339;45.6879425
116843;0;2550;Alpen;Nichtwald;0;0;NA;NA;NA;NA;1933.587036;-2.36969614;44.50014114
117061;0;1788;Alpen;Wald;1;1;5;22.07.1997;NA;NA;1069.133667;2.075386286;47.2446022
118009;0;3220;Alpen;Nichtwald;0;0;NA;NA;NA;NA;3470.499268;-5.030710697;45.61639404
118157;0;1077;Alpensüdseite;Wald;1;0;1;12.08.1997;NA;NA;1585.016602;6.471880913;46.73047638
118940;0;1335;Jura;Wald;1;1;2;09.07.1998;NA;NA;1914.891846;5.2472229;44.09691238
119006;0;448;Mittelland;Nichtwald;1;0;6;07.04.1997;NA;NA;1077.615234;10.98158455;45.78071213
119028;0;674;Mittelland;Nichtwald;0;0;NA;NA;NA;NA;1321.825317;9.3253479;45.83371353
119400;0;2220;Alpensüdseite;Nichtwald;1;0;4;14.10.1999;NA;NA;1972.441528;-1.895705342;44.54361343
119481;0;2288;Alpen;Nichtwald;1;1;1;13.10.1999;NA;NA;945.1466675;0.670668244;51.45682526
120638;0;2767;Alpen;Nichtwald;0;0;NA;NA;NA;NA;1106.688354;-1.683226705;49.05554962
120646;0;2510;Alpen;Nichtwald;0;0;NA;NA;NA;NA;1129.238525;-2.187001467;49.82629776
121480;0;1218;Alpen;Wald;1;1;6;15.04.1997;NA;NA;1468.024048;5.55560112;47.94695282
121630;0;2490;Alpen;Nichtwald;0;0;NA;NA;NA;NA;1819.014771;-2.062254429;45.68495941
121708;0;1633;Alpensüdseite;Wald;1;1;6;12.08.1997;NA;NA;1484.502808;6.52232933;52.36284256
122460;0;1168;Jura;Wald;1;1;3;01.09.1998;NA;NA;1623.811279;6.62608242;44.44141769
122516;0;372;Mittelland;Nichtwald;0;0;NA;NA;NA;NA;1074.585571;11.03781986;44.55501175
122544;0;380;Mittelland;Nichtwald;1;1;3;01.06.1999;NA;NA;1153.568359;10.98733807;45.97134399
122824;0;2490;Alpensüdseite;Nichtwald;0;0;NA;NA;NA;NA;2177.737549;-0.221885413;47.25101852
122874;0;1941;Alpensüdseite;Nichtwald;1;1;6;12.08.1997;NA;NA;1625.627808;4.272982121;52.30686951
122948;0;2227;Alpen;Nichtwald;1;0;1;04.08.1999;NA;NA;1169.198853;1.036237121;46.49488068
123636;0;774;Jura;Nichtwald;1;0;3;01.09.1998;NA;NA;1249.455688;8.811262131;44.77649689
123658;0;427;Jura;Nichtwald;1;0;6;22.04.1997;NA;NA;949.8792114;10.60658264;45.75536728
123688;0;372;Mittelland;Nichtwald;0;0;NA;NA;NA;NA;1053.209717;11.08393383;44.19908142
124113;0;2447;Alpen;Nichtwald;0;0;NA;NA;NA;NA;1152.157349;-0.219504446;47.79934311
124171;0;2280;Alpen;Nichtwald;1;0;2;01.01.1997;NA;NA;924.2059937;0.591628969;50.87457657
125064;0;3300;Alpen;Nichtwald;0;0;NA;NA;NA;NA;2541.213135;-8.928561211;44.70665741
125266;0;1785;Alpen;Nichtwald;1;0;1;04.08.1999;NA;NA;1284.397217;0.701092482;46.36765289
125962;0;705;Jura;Nichtwald;1;0;3;01.09.1998;NA;NA;1196.895874;9.136618614;45.11251831
126140;0;1898;Alpen;Nichtwald;1;0;3;30.07.1998;NA;NA;1476.351318;4.983530521;50.02191925
126170;0;2800;Alpen;Nichtwald;0;0;NA;NA;NA;NA;1620.842407;1.123211265;49.28505707
126184;0;2260;Alpen;Nichtwald;0;0;NA;NA;NA;NA;1559.717529;2.763774157;48.66064453
126210;0;2640;Alpen;Nichtwald;0;0;NA;NA;NA;NA;1567.17334;-2.821022272;49.46213531
126246;0;2900;Alpen;Nichtwald;0;0;NA;NA;NA;NA;1656.346191;-2.027904272;47.66519547
126260;0;2189;Alpen;Nichtwald;1;1;4;09.07.1997;NA;NA;1227.360962;2.541139126;49.39963531
126358;0;1801;Alpensüdseite;Wald;1;1;2;14.08.1997;NA;NA;1763.344971;3.862246037;47.76919556
126424;0;1892;Alpen;Nichtwald;1;1;1;04.08.1999;NA;NA;1307.56665;0.418938488;46.52213287
127100;0;1055;Jura;Nichtwald;1;1;3;23.07.1998;NA;NA;1480.703613;7.519982815;43.93260956
127225;0;1352;Voralpen;Wald;1;1;1;11.09.1996;NA;NA;1509.978271;4.191131115;46.44395447
127313;0;2323;Alpen;Nichtwald;0;0;NA;NA;NA;NA;1637.134644;1.517834067;49.05927658
127631;0;3032;Alpensüdseite;Nichtwald;0;0;NA;NA;NA;NA;1589.20105;-2.713228941;49.26862717
127632;0;2960;Alpensüdseite;Nichtwald;0;0;NA;NA;NA;NA;1537.978882;-3.877152681;50.61939621
128245;0;372;Mittelland;Nichtwald;0;0;NA;NA;NA;NA;1000.842407;10.86650753;43.76091385
128264;0;374;Voralpen;Nichtwald;0;0;NA;NA;NA;NA;1170.710205;10.50881195;46.68147659
128360;0;1684;Alpen;Wald;1;0;4;30.07.1997;NA;NA;1635.645264;3.223145485;47.85375214
128418;0;2325;Alpen;Nichtwald;0;0;NA;NA;NA;NA;1285.678833;1.91006577;50.71087646
128434;0;3220;Alpen;Nichtwald;0;0;NA;NA;NA;NA;1939.988525;-3.656310558;47.22293854
128484;0;2576;Alpen;Nichtwald;0;0;NA;NA;NA;NA;1582.088501;-1.239224076;45.64344788
128497;0;2540;Alpensüdseite;Nichtwald;0;0;NA;NA;NA;NA;2355.475342;0.331782609;48.64709854
128551;0;1001;Alpensüdseite;Wald;1;1;2;05.10.1997;NA;NA;1496.983032;8.361686707;50.79425812
129270;0;1332;Jura;Wald;1;1;3;22.07.1998;NA;NA;1626.372681;6.615463734;43.44796371
129471;0;2426;Alpen;Nichtwald;0;0;NA;NA;NA;NA;1506.007324;-3.034712315;48.73147583
129511;0;3483;Alpen;Nichtwald;0;0;NA;NA;NA;NA;1997.680298;-4.954242706;46.94610596
129601;0;2650;Alpensüdseite;Nichtwald;0;0;NA;NA;NA;NA;2401.284668;-1.28030014;47.98520279
129679;0;1170;Alpensüdseite;Nichtwald;1;0;4;11.08.1997;NA;NA;1485.053711;6.35025835;50.20668411
129698;0;2580;Alpen;Nichtwald;0;0;NA;NA;NA;NA;1320.616943;-0.568887889;47.85971069
129710;0;2760;Alpen;Nichtwald;0;0;NA;NA;NA;NA;1320.995361;-1.722877264;49.3410759
129742;0;3433;Alpen;Nichtwald;0;0;NA;NA;NA;NA;1265.841919;-4.423882008;50.12096024
130427;0;1361;Voralpen;Wald;1;1;1;23.10.1996;NA;NA;1556.06897;4.909218311;46.66362
130479;0;1387;Alpen;Wald;1;1;4;30.07.1997;NA;NA;1469.837402;4.723501205;48.76548386
130695;0;819;Alpensüdseite;Wald;1;1;6;25.06.1997;NA;NA;1484.576538;8.560441017;48.90273285
130711;0;2196;Alpensüdseite;Nichtwald;1;1;4;20.10.1998;NA;NA;1627.225708;-1.509433866;50.66692352
130723;0;2213;Alpensüdseite;Nichtwald;0;0;NA;NA;NA;NA;1547.776978;-0.495365381;48.85348892
130804;0;2730;Alpen;Nichtwald;0;0;NA;NA;NA;NA;1476.296997;-3.056302786;47.86862183
131402;0;372;Jura;Nichtwald;0;0;NA;NA;NA;NA;890.5253906;10.67218304;44.14501572
131452;0;1689;Alpen;Wald;1;1;3;01.06.1999;NA;NA;1660.16333;5.234046459;45.62657547
131466;0;1500;Voralpen;Nichtwald;1;0;1;23.10.1996;NA;NA;1613.703613;4.15982008;46.70287704
131540;0;2620;Alpen;Nichtwald;0;0;NA;NA;NA;NA;1576.299683;-1.201007843;49.6661911
131695;0;1991;Alpensüdseite;Nichtwald;1;1;4;13.10.1998;NA;NA;2220.80835;3.114645481;49.70084763
131775;0;2790;Alpen;Nichtwald;0;0;NA;NA;NA;NA;1306.383301;-2.450421333;47.22385788
131845;0;2700;Alpen;Nichtwald;0;0;NA;NA;NA;NA;1543.816772;-3.866265059;47.83416748
131859;0;2840;Alpensüdseite;Nichtwald;0;0;NA;NA;NA;NA;1511.807251;-1.888528228;50.85713196
132428;0;374;Alpen;Nichtwald;0;0;NA;NA;NA;NA;1159.940186;10.35997772;46.10401917
132544;0;2467;Alpen;Nichtwald;0;0;NA;NA;NA;NA;1560.588379;0.921452105;48.84874725
132582;0;2810;Alpen;Nichtwald;0;0;NA;NA;NA;NA;1347.822876;-4.917322159;48.05297852
132636;0;2394;Alpen;Nichtwald;0;0;NA;NA;NA;NA;1250.848511;0.170694813;45.90381622
132685;0;1700;Alpensüdseite;Wald;1;1;3;12.08.1997;NA;NA;2279.971924;5.135658741;47.19532013
132755;0;1626;Alpensüdseite;Nichtwald;1;1;4;11.08.1997;NA;NA;1550.632568;1.587700486;47.83699799
132872;0;2148;Alpensüdseite;Nichtwald;1;1;2;24.07.1996;NA;NA;1477.613525;-0.539615512;51.80498123
133366;0;616;Jura;Wald;1;1;3;11.08.1998;NA;NA;1143.562622;9.773322105;43.15372467
133509;0;2690;Alpen;Nichtwald;0;0;NA;NA;NA;NA;1481.366333;-0.957837939;47.96735382
133539;0;1740;Alpen;Nichtwald;1;1;4;16.09.1997;NA;NA;1121.596558;3.54972744;51.97747421
133609;0;2111;Alpen;Nichtwald;1;0;4;08.07.1997;NA;NA;1221.618774;0.464826882;45.80925751
133633;0;1911;Alpensüdseite;Nichtwald;1;1;4;12.08.1997;NA;NA;1751.701416;5.223451614;52.10736084
133699;0;1496;Alpensüdseite;Wald;1;1;5;12.08.1997;NA;NA;1585.354126;7.017447472;51.30578995
133789;0;2014;Alpen;Nichtwald;1;0;1;13.10.1999;NA;NA;1153.873169;-0.657044888;47.71743011
134380;0;1515;Alpen;Nichtwald;0;0;NA;NA;NA;NA;1816.835449;4.100205421;45.16047668
134386;0;1820;Alpen;Nichtwald;0;0;NA;NA;NA;NA;1695.498047;4.112284184;46.31973267
134418;0;1927;Alpen;Nichtwald;1;1;1;04.10.1996;NA;NA;1638.154175;3.835414886;50.02144623
134562;0;1953;Alpen;Nichtwald;1;1;6;02.09.1996;NA;NA;1111.782349;0.733656526;47.79349518
134709;0;2850;Alpen;Nichtwald;0;0;NA;NA;NA;NA;1328.164063;-1.408642292;47.2755928
134739;0;1451;Alpen;Wald;1;1;1;13.10.1999;NA;NA;1404.315918;3.112053156;48.60883713
134784;0;1703;Alpensüdseite;Nichtwald;1;1;2;28.07.1997;NA;NA;1271.986816;3.241661549;52.15602875
135336;0;2047;Voralpen;Nichtwald;1;1;1;07.10.1997;NA;NA;2019.931641;1.929687023;47.59498596
135446;0;2750;Alpen;Nichtwald;0;0;NA;NA;NA;NA;1249.056396;-0.796977997;48.35889435
135534;0;1937;Alpensüdseite;Nichtwald;0;0;NA;NA;NA;NA;2198.634766;1.958003759;49.9780426
135614;0;1119;Alpensüdseite;Nichtwald;1;1;6;11.08.1997;NA;NA;1584.109009;5.643370152;47.70378494
135637;0;3016;Alpen;Nichtwald;0;0;NA;NA;NA;NA;1344.742188;-0.712579906;49.88809204
135643;0;2470;Alpen;Nichtwald;0;0;NA;NA;NA;NA;1377.461792;-0.008603179;50.75004578
135696;0;2453;Alpensüdseite;Nichtwald;0;0;NA;NA;NA;NA;1317.573608;1.083699703;52.8487854
136181;0;375;Alpen;Nichtwald;1;0;3;01.06.1999;NA;NA;1086.830322;10.1373682;47.63910294
136245;0;1924;Alpen;Nichtwald;0;0;NA;NA;NA;NA;1961.240723;1.285160661;48.04316711
136347;0;2125;Alpen;Nichtwald;1;0;4;16.09.1997;NA;NA;1071.100952;1.745632648;49.97648621
137142;0;2500;Alpen;Nichtwald;0;0;NA;NA;NA;NA;1423.636353;-0.354643762;47.03783798
137394;0;1677;Alpen;Wald;1;1;1;14.10.1999;NA;NA;1404.161011;6.304159164;52.67570496
137416;0;1930;Alpen;Nichtwald;0;0;NA;NA;NA;NA;1429.404785;-1.577985764;47.84463501
137427;0;3066;Alpen;Nichtwald;0;0;NA;NA;NA;NA;1174.228638;-3.707766771;49.89160156
137931;1;931;Alpen;Nichtwald;1;1;2;13.06.1997;7;21.09.1998;1286.547974;7.129164696;47.86787796
137969;0;2033;Alpen;Nichtwald;0;0;NA;NA;NA;NA;2098.256104;0.267291933;47.78978729
138149;0;1009;Alpensüdseite;Nichtwald;0;0;NA;NA;NA;NA;2044.025879;6.788152695;48.38604355
139623;0;1476;Alpen;Wald;1;1;2;16.06.1997;NA;NA;1728.783936;3.472723007;46.02466965
139749;0;1285;Alpen;Nichtwald;1;1;6;29.09.1997;NA;NA;1022.205566;4.284690857;50.83304214
140490;0;2457;Alpen;Nichtwald;0;0;NA;NA;NA;NA;2254.974121;-0.5849756;48.26453018
140578;0;1159;Alpen;Wald;1;1;6;29.09.1997;NA;NA;939.0914307;5.320340633;51.92815781
140632;0;2250;Alpensüdseite;Nichtwald;0;0;NA;NA;NA;NA;1994.040771;2.776849508;50.75732422
140678;0;2120;Alpensüdseite;Nichtwald;0;0;NA;NA;NA;NA;2300.635986;1.605002999;51.12987137
140696;0;1952;Alpensüdseite;Nichtwald;0;0;NA;NA;NA;NA;1843.92395;2.354776621;48.64134216
140805;0;1786;Alpensüdseite;Wald;1;1;2;24.07.1996;NA;NA;1360.332764;0.685293794;52.45798111
141291;0;1710;Alpen;Nichtwald;1;1;2;15.06.1997;NA;NA;1746.614136;2.932293415;45.61476517
141301;0;2835;Alpen;Nichtwald;0;0;NA;NA;NA;NA;2625.940918;-2.234973431;47.58957672
141393;0;1032;Alpen;Wald;1;1;2;24.06.1997;NA;NA;700.1567993;7.667697906;54.85590363
141423;0;878;Alpen;Nichtwald;1;1;6;21.07.1997;NA;NA;618.3464966;7.914308548;52.4536972
141530;0;1566;Alpensüdseite;Wald;1;1;6;24.06.1997;NA;NA;1630.429932;3.404798031;49.96949387
142075;0;408;Alpen;Nichtwald;1;1;3;27.05.1997;NA;NA;1085.2948;9.542954445;49.73114777
142153;0;1545;Alpen;Nichtwald;1;1;1;30.07.1997;NA;NA;910.0996094;6.091919422;53.59453201
142227;0;662;Alpen;Nichtwald;1;1;6;22.07.1997;NA;NA;705.742981;8.363087654;52.9079895
142368;1;1349;Alpensüdseite;Wald;1;1;1;11.08.1997;7;15.09.1998;1625.84729;6.501672745;51.16528702
142372;1;1364;Alpensüdseite;Wald;1;1;2;11.08.1997;7;14.09.1998;1602.011719;4.689577103;49.37490463
143099;0;2100;Alpensüdseite;Nichtwald;0;0;NA;NA;NA;NA;1833.319702;3.541884899;51.43431473
143143;0;1019;Alpensüdseite;Wald;1;1;3;11.08.1997;NA;NA;1613.19519;7.417124271;49.80222321
143147;1;1889;Alpensüdseite;Wald;1;1;1;14.08.1997;7;14.09.1998;1581.73877;4.594596863;51.70470428
143565;0;424;Mittelland;Nichtwald;1;0;3;15.04.1997;NA;NA;984.9475098;10.52637196;44.7767601
143674;0;1340;Alpen;Nichtwald;1;0;1;30.07.1997;NA;NA;833.4039917;6.59807682;55.01922607
143764;1;1199;Alpen;Wald;1;1;6;21.07.1997;7;01.09.1998;810.0281372;4.669478416;50.97888184
143824;0;1705;Alpensüdseite;Nichtwald;0;0;NA;NA;NA;NA;2128.569336;5.154092789;50.14291763
144364;0;1618;Alpen;Wald;1;1;2;22.07.1998;NA;NA;1793.197632;3.344793081;48.4645462
144452;0;1307;Alpen;Nichtwald;1;1;2;25.06.1997;NA;NA;676.1694336;5.413491249;52.95253754
144538;1;944;Alpensüdseite;Wald;1;1;2;12.08.1997;7;15.06.1998;2010.178223;7.079053402;51.64978409
145014;0;1678;Alpen;Nichtwald;1;1;2;16.06.1997;NA;NA;1947.713379;4.909718513;45.8638916
145316;0;738;Alpensüdseite;Wald;1;1;1;26.09.1996;NA;NA;1496.179932;6.631371975;49.59435272
146031;0;1761;Alpensüdseite;Wald;1;1;2;23.07.1996;NA;NA;1255.526733;1.368505359;52.42837906
146563;0;1990;Alpen;Nichtwald;1;1;6;22.09.1997;NA;NA;814.6070557;2.227864981;53.43843079
147336;0;1771;Alpensüdseite;Wald;1;1;2;24.09.1996;NA;NA;2131.081055;6.02891922;52.02857971
147344;0;1612;Alpensüdseite;Wald;1;1;2;25.09.1996;NA;NA;2259.135986;4.530795574;50.43229294
147356;0;456;Alpensüdseite;Wald;1;1;4;13.08.1997;NA;NA;1911.677979;10.68800449;53.63686752
147386;0;2263;Alpensüdseite;Nichtwald;0;0;NA;NA;NA;NA;1736.831055;1.864551663;50.05190277
147804;0;415;Mittelland;Nichtwald;1;0;3;15.04.1997;NA;NA;955.1871948;10.38276005;44.85368347
147950;0;1461;Alpen;Wald;1;1;1;30.07.1997;NA;NA;881.6932373;4.091716766;52.51561356
148030;0;3107;Alpen;Nichtwald;0;0;NA;NA;NA;NA;1845.949463;-1.884347677;50.63436127
148526;0;436;Mittelland;Nichtwald;1;1;3;15.04.1997;NA;NA;944.9146729;10.3966465;44.92440796
148645;0;508;Alpen;Nichtwald;1;1;1;28.07.1997;NA;NA;560.7802124;9.95630455;55.59158325
148790;0;1509;Alpensüdseite;Wald;1;1;2;26.09.1996;NA;NA;2052.1604;7.411100864;52.2939682
149286;0;1607;Alpen;Nichtwald;1;0;3;09.07.1997;NA;NA;1864.345825;5.569664955;48.85886002
149470;0;2210;Alpen;Nichtwald;1;1;6;15.09.1997;NA;NA;1499.238037;-0.051000297;52.71593094
150006;1;1656;Alpen;Wald;1;1;3;09.07.1997;7;22.09.1998;1615.358276;5.699305534;49.10018539
150144;0;1619;Alpen;Nichtwald;1;1;3;15.07.1998;NA;NA;653.7810669;3.445064783;52.58414459
150146;0;1851;Alpen;Wald;1;1;6;23.09.1997;NA;NA;646.8206177;2.536846161;54.47243881
150643;0;450;Mittelland;Nichtwald;1;1;3;15.04.1997;NA;NA;912.7714844;10.43936253;45.50128937
150685;0;1958;Alpen;Nichtwald;1;0;4;25.08.1998;NA;NA;2004.175049;3.46496892;47.76548004
150829;0;2820;Alpen;Nichtwald;0;0;NA;NA;NA;NA;918.6397095;-0.790980697;52.87750626
150855;0;2930;Alpen;Nichtwald;0;0;NA;NA;NA;NA;1563.879761;-3.948494196;51.12282181
150926;0;1472;Alpensüdseite;Nichtwald;1;1;4;13.08.1997;NA;NA;1747.092896;7.488512039;53.67408371
150958;0;576;Alpensüdseite;Wald;1;1;3;14.08.1997;NA;NA;1676.304321;11.21217442;54.27901077
151557;0;1796;Alpen;Wald;1;1;6;08.07.1997;NA;NA;1147.796509;4.157576084;54.79724503
152152;0;2420;Alpen;Nichtwald;0;0;NA;NA;NA;NA;852.9105225;0.973690212;53.26684189
152234;0;1228;Alpen;Nichtwald;1;1;6;16.09.1997;NA;NA;1127.601929;5.730255127;53.93097687
152275;0;231;Alpensüdseite;Nichtwald;1;0;2;13.07.1996;NA;NA;1899.188965;12.36191845;54.68125916
152741;0;547;Alpen;Wald;1;1;3;27.05.1997;NA;NA;1213.185303;8.414484978;50.35494232
152801;0;815;Alpen;Wald;1;1;1;29.07.1997;NA;NA;755.8705444;7.868320942;53.35397339
152833;0;2260;Alpen;Nichtwald;1;1;2;24.06.1997;NA;NA;932.6190796;-0.393110067;49.93696976
152970;0;201;Alpensüdseite;Nichtwald;1;0;4;09.10.1996;NA;NA;1756.361938;11.39754486;54.63311005
153356;0;449;Mittelland;Nichtwald;1;1;3;25.08.1998;NA;NA;887.3269043;10.2658205;44.57261658
153523;0;1187;Alpen;Wald;1;1;2;25.06.1998;NA;NA;776.2555542;4.987872601;52.49908447
153571;0;1499;Alpen;Nichtwald;1;1;6;07.07.1997;NA;NA;1221.734985;5.672631741;52.65538406
153575;0;1754;Alpen;Wald;1;1;6;07.07.1997;NA;NA;1458.52356;3.23502326;51.74810028
153609;0;203;Alpensüdseite;Nichtwald;1;0;2;13.07.1996;NA;NA;1874.330322;12.13586426;55.60992432
153617;0;193;Alpensüdseite;Nichtwald;0;0;NA;NA;NA;NA;1869.765381;11.69840431;53.98088455
153995;0;435;Mittelland;Nichtwald;1;0;3;15.04.1997;NA;NA;947.2297974;10.38951015;45.34389114
154059;0;2282;Alpen;Nichtwald;1;1;2;23.07.1998;NA;NA;1380.938599;4.457768917;52.90425491
154079;0;647;Alpen;Wald;1;1;2;22.07.1998;NA;NA;865.8170776;6.813592434;53.20105743
154119;0;2151;Alpen;Wald;1;1;1;29.07.1997;NA;NA;855.5992432;2.216073036;49.76822281
154265;0;195;Alpensüdseite;Nichtwald;1;0;1;13.08.1997;NA;NA;1884.526001;10.7064352;53.69882584
154267;0;197;Alpensüdseite;Nichtwald;1;0;4;09.10.1996;NA;NA;1868.549072;11.21488857;53.42572784
154799;0;2670;Alpen;Nichtwald;0;0;NA;NA;NA;NA;1137.931885;0.494212478;52.3087616
155464;0;1398;Alpensüdseite;Wald;1;1;3;13.08.1997;NA;NA;1916.533081;8.01586628;51.83523178
155486;0;1049;Alpensüdseite;Nichtwald;1;1;2;05.10.1997;NA;NA;1824.664063;7.7080369;51.16016769
155781;0;2030;Alpen;Nichtwald;0;0;NA;NA;NA;NA;1727.96814;0.30280602;44.35678482
155813;0;1102;Alpen;Wald;1;1;2;13.10.1998;NA;NA;953.5021973;9.073155403;54.99160004
155915;0;3365;Alpen;Nichtwald;0;0;NA;NA;NA;NA;1209.792114;-6.791357517;53.77045441
155925;0;1613;Alpen;Wald;1;1;3;15.07.1998;NA;NA;921.0251465;1.332583904;51.87171555
156324;0;1261;Alpen;Wald;1;1;4;26.08.1998;NA;NA;1216.112183;7.542713642;51.27731705
156340;0;459;Alpen;Nichtwald;1;0;2;14.10.1998;NA;NA;849.6513672;9.776638031;52.87386322
156376;0;2800;Alpen;Nichtwald;0;0;NA;NA;NA;NA;1004.27948;-2.577260256;50.69397354
156388;0;2680;Alpen;Nichtwald;0;0;NA;NA;NA;NA;878.0012207;-1.315329075;50.85426712
156488;0;2313;Alpen;Nichtwald;0;0;NA;NA;NA;NA;1403.954712;2.660681248;52.46332169
156514;0;733;Alpensüdseite;Wald;1;1;1;13.08.1997;NA;NA;1972.060303;7.949070454;51.84477234
156842;0;459;Alpen;Nichtwald;1;1;2;14.10.1998;NA;NA;866.2436523;9.197600365;51.5305481
156856;0;2138;Alpen;Nichtwald;1;1;1;08.10.1997;NA;NA;972.579895;3.485656738;50.99040222
157347;0;1969;Alpen;Nichtwald;1;1;1;08.10.1997;NA;NA;939.3635254;2.671327114;47.58227921
157383;0;1995;Alpen;Wald;1;1;4;27.08.1998;NA;NA;736.3111572;2.666559219;53.0303154
157823;0;2140;Alpen;Nichtwald;1;1;4;27.08.1998;NA;NA;950.5823975;0.374276102;49.8685112
157957;0;1109;Alpensüdseite;Wald;1;1;3;25.09.1996;NA;NA;1740.584595;6.463298798;52.06383896
158203;1;682;Alpen;Wald;1;1;1;09.10.1997;7;31.08.1998;918.381897;7.762004375;52.73739243
158253;0;2530;Alpen;Nichtwald;0;0;NA;NA;NA;NA;973.6853027;0.508751452;50.69631958
158259;0;2880;Alpen;Nichtwald;0;0;NA;NA;NA;NA;974.3158569;-2.984528303;50.63003922
158327;0;3740;Alpen;Nichtwald;0;0;NA;NA;NA;NA;1100.423096;-6.471021652;52.98861694
158672;0;2940;Alpen;Nichtwald;0;0;NA;NA;NA;NA;1132.38501;-2.862666368;51.71691132
158704;0;3000;Alpen;Nichtwald;0;0;NA;NA;NA;NA;967.3532715;-4.40997982;51.44829178
159503;0;2460;Alpen;Nichtwald;1;0;4;27.08.1998;NA;NA;1097.456299;-0.415270567;51.86763382
159555;0;3000;Alpen;Nichtwald;0;0;NA;NA;NA;NA;987.6017456;-4.35749197;53.81967926
159561;0;2105;Alpen;Nichtwald;0;0;NA;NA;NA;NA;750.2445068;4.570111275;55.59884644
159608;0;777;Alpensüdseite;Wald;1;1;3;26.09.1996;NA;NA;1897.139282;9.040129662;53.01947403
159889;0;1937;Alpen;Nichtwald;1;1;1;07.08.1998;NA;NA;1044.465576;3.58981657;49.59160995
160006;0;1219;Alpensüdseite;Wald;1;1;2;13.08.1997;NA;NA;1923.862305;8.199631691;53.23200607
160030;0;884;Alpensüdseite;Wald;1;1;3;25.09.1996;NA;NA;1733.733887;7.23331356;52.54425812
160232;0;2126;Alpen;Nichtwald;1;0;4;26.08.1998;NA;NA;1356.897949;2.653141975;47.46071243
160766;0;3310;Alpen;Nichtwald;0;0;NA;NA;NA;NA;1283.077515;-2.348505735;51.79556656
161130;0;2189;Alpen;Wald;1;1;3;14.07.1998;NA;NA;729.9262085;-0.357436001;55.05838013
161464;0;2820;Alpen;Nichtwald;0;0;NA;NA;NA;NA;1187.538696;-3.049505234;50.4601326
161466;0;2700;Alpen;Nichtwald;0;0;NA;NA;NA;NA;1162.22522;-1.922632217;51.09758377
161963;0;370;Alpensüdseite;Nichtwald;1;0;2;05.10.1997;NA;NA;1650.231689;12.05657959;53.5595932
162197;0;1762;Alpen;Wald;1;1;1;16.07.1998;NA;NA;981.7275391;2.982101679;48.48284149
162205;0;2880;Alpen;Nichtwald;0;0;NA;NA;NA;NA;1354.832153;-3.24115324;49.5253067
162213;0;2620;Alpen;Nichtwald;0;0;NA;NA;NA;NA;1338.89856;-1.725327492;48.05222702
162263;0;2640;Alpen;Nichtwald;0;0;NA;NA;NA;NA;1052.778198;-1.202006698;52.06744766
162665;0;710;Alpensüdseite;Wald;1;1;2;06.10.1997;NA;NA;1491.033813;7.715331078;51.18463516
162846;0;1346;Alpen;Wald;1;1;1;14.07.1998;NA;NA;915.7739868;5.343987942;48.81104279
162894;0;3480;Alpen;Nichtwald;0;0;NA;NA;NA;NA;1207.346558;-5.234610558;51.07629395
162963;0;300;Alpensüdseite;Wald;1;1;2;06.10.1997;NA;NA;1535.69458;12.36036873;52.63276291
163213;0;2828;Alpen;Nichtwald;0;0;NA;NA;NA;NA;1016.125;-1.568924308;54.60022736
163667;0;2218;Alpen;Nichtwald;1;1;1;15.07.1998;NA;NA;1072.245483;1.097799659;48.60508347
163893;0;2580;Alpen;Nichtwald;0;0;NA;NA;NA;NA;1166.399414;-0.136135608;48.62667465
163903;0;2750;Alpen;Nichtwald;0;0;NA;NA;NA;NA;1586.104126;-1.626391768;48.67679596
164112;0;2750;Alpen;Nichtwald;0;0;NA;NA;NA;NA;1517.201782;0.028852455;48.31144333
164400;0;1011;Alpensüdseite;Wald;1;1;2;07.10.1997;NA;NA;1478.664551;7.243087769;51.20165253
164509;0;2042;Alpen;Nichtwald;1;0;1;06.08.1998;NA;NA;1624.762085;0.787180483;46.44950104
164914;0;358;Alpensüdseite;Wald;1;1;2;07.10.1997;NA;NA;1499.136108;11.21557331;51.20080185
